name	length	score	pvalue
NODE_1_length_576855_cov_17.155733	576855	0.0254393141863878	0.573490177055542
NODE_2_length_264378_cov_11.585458	264378	0.0211590879227683	0.606112054329372
NODE_3_length_109381_cov_8.571337	109381	0.172710108408357	0.247513946155712
NODE_4_length_86514_cov_9.751212	86514	0.226388817049252	0.203492602473927
NODE_5_length_65088_cov_10.862885	65088	0.507089943581793	0.0856172689788989
NODE_6_length_61270_cov_3.963653	61270	0.0402245306100879	0.490177055542081
NODE_7_length_53681_cov_7.396207	53681	0.0358443570926471	0.512005821004123
NODE_8_length_46689_cov_12.914976	46689	0.0545389070467026	0.438394373029348
NODE_9_length_44408_cov_5.457669	44408	0.0233018765391168	0.590104292990541
NODE_10_length_41715_cov_27633.072156	41715	0.937081320994044	0.00885277710405045
NODE_11_length_37379_cov_2108.923079	37379	0.999487292513144	0
NODE_12_length_32888_cov_3.689459	32888	0.0379709910664091	0.498666019888431
NODE_13_length_32732_cov_5.934878	32732	0.0208477735745302	0.607688576279408
NODE_14_length_30801_cov_940.226924	30801	0.998374715807043	0.000485083676934271
NODE_15_length_20829_cov_2.727929	20829	0.0275560437816528	0.561363085132185
NODE_17_length_16340_cov_3.743813	16340	0.025459869504896	0.573490177055542
NODE_18_length_15182_cov_3.229986	15182	0.0288662356813816	0.551418869755033
NODE_19_length_12094_cov_2.904062	12094	0.0612585963428955	0.41741450400194
NODE_20_length_12018_cov_3.858313	12018	0.00663717585123208	0.782561241814213
NODE_21_length_10522_cov_3.724754	10522	0.0545859192746316	0.438273102110114
NODE_22_length_9825_cov_3.616377	9825	0.00798648779055682	0.757943245209799
NODE_23_length_9252_cov_3.516364	9252	0.0468297124617662	0.463497453310696
NODE_24_length_8502_cov_2.670416	8502	0.00865717260346109	0.74642250788261
NODE_25_length_7480_cov_2.527003	7480	0.0152313176664617	0.661290322580645
NODE_26_length_6735_cov_3.492216	6735	0.00415266784903812	0.834343924326946
NODE_27_length_6475_cov_3.053894	6475	0.00298614080885584	0.866116905166141
NODE_28_length_5743_cov_2.454290	5743	0.0142035549587023	0.672932330827068
NODE_29_length_5539_cov_3.100109	5539	0.0028428381770369	0.869027407227747
NODE_30_length_5482_cov_2.494011	5482	0.169648315950938	0.250424448217317
NODE_31_length_5470_cov_2.396676	5470	0.0322053524607717	0.532015522677662
NODE_32_length_5441_cov_927.018381	5441	0.994738948651332	0.00133398011156925
NODE_33_length_5270_cov_2.451390	5270	0.00850257527127181	0.748847926267281
NODE_34_length_5122_cov_2.175844	5122	0.10235784091791	0.331190880426874
NODE_35_length_4798_cov_2.165296	4798	0.0729779173526549	0.388552025224351
NODE_36_length_4754_cov_3.243669	4754	0.0295355732168514	0.546810574824157
NODE_37_length_4734_cov_2.903184	4734	0.00183372269526816	0.906378850351686
NODE_38_length_4622_cov_2.203197	4622	0.112020988576032	0.316759641038079
NODE_39_length_4391_cov_2.480858	4391	0.0106538321124855	0.715255881639583
NODE_40_length_3956_cov_2.510638	3956	0.280385980405475	0.173659956342469
NODE_41_length_3941_cov_2.496140	3941	0.00169452056456542	0.910138248847926
NODE_42_length_3934_cov_2.942511	3934	0.00096427513262965	0.943972835314092
NODE_43_length_3921_cov_2.436886	3921	0.260042685750523	0.183967984477322
NODE_44_length_3754_cov_2.346580	3754	0.0197455684161193	0.617147707979626
NODE_45_length_3721_cov_2.812330	3721	0.145578784248387	0.273465922871695
NODE_47_length_3707_cov_3.094195	3707	0.149611053421025	0.269342711617754
NODE_48_length_3691_cov_2.371837	3691	0.00446732926654272	0.824157167111327
NODE_49_length_3551_cov_3.146739	3551	0.0298573462659478	0.544991511035654
NODE_50_length_3517_cov_2.222704	3517	0.0890443833205793	0.356293960708222
NODE_51_length_3489_cov_1.962726	3489	0.0422565619909521	0.482051903953432
NODE_52_length_3370_cov_14.941176	3370	0.0421354972782757	0.4826582585496
NODE_53_length_3162_cov_2.225298	3162	0.0214014021796823	0.604414261460102
NODE_54_length_3145_cov_1.613269	3145	0.147800071367507	0.271525588163958
NODE_55_length_3142_cov_2.388403	3142	0.0242391627737162	0.580645161290323
NODE_56_length_3078_cov_2.444922	3078	0.276670983276287	0.175600291050206
NODE_57_length_3065_cov_3.225914	3065	0.221641240826163	0.205918020858598
NODE_58_length_2946_cov_2.880664	2946	0.524664343180834	0.144576872483757
NODE_59_length_2872_cov_2.149805	2872	0.110275062468236	0.519472236616574
NODE_60_length_2845_cov_1.532258	2845	0.0858851490433543	0.574839558336987
NODE_61_length_2772_cov_2.254325	2772	0.0201938765979166	0.831147606329972
NODE_62_length_2705_cov_1.990943	2705	0.106776102108572	0.527324909315582
NODE_63_length_2697_cov_1.728615	2697	0.132156978653468	0.478734005660302
NODE_64_length_2646_cov_1.694327	2646	0.0445274427481851	0.707697213696337
NODE_65_length_2610_cov_2.745205	2610	0.20292213961082	0.377047873400566
NODE_66_length_2574_cov_2.547042	2574	0.193037602872078	0.389524454896959
NODE_68_length_2532_cov_1.902301	2532	0.312021561073461	0.269701438992307
NODE_69_length_2424_cov_4.001688	2424	0.059294214211404	0.652728504803285
NODE_70_length_2329_cov_2.718558	2329	0.0803964220333743	0.588830868577351
NODE_71_length_2326_cov_1.875385	2326	0.156104279513463	0.44226093195679
NODE_72_length_2307_cov_1.854796	2307	0.327022466743688	0.258261250847052
NODE_73_length_2232_cov_1.925586	2232	0.0813110854432054	0.586319607764978
NODE_74_length_2182_cov_1.908792	2182	0.0450729347020611	0.705664288276797
NODE_75_length_2144_cov_2.674485	2144	0.0427980228311684	0.714154741499581
NODE_76_length_2144_cov_2.482528	2144	0.0225133283283749	0.817196157372344
NODE_77_length_2086_cov_2.474643	2086	0.139926217210815	0.466018256467493
NODE_78_length_2080_cov_1.890864	2080	0.273621580626458	0.302826164945988
NODE_81_length_2059_cov_13.267964	2059	0.44280539997601	0.183959819827002
NODE_82_length_2020_cov_811.839186	2020	0.989206624990872	0.000677641806513334
NODE_83_length_2018_cov_2.566989	2018	0.100506262330994	0.540279826204807
NODE_84_length_2009_cov_3.057318	2009	0.0815766247737473	0.585641965958465
NODE_85_length_2007_cov_1.562500	2007	0.352406772351499	0.23896839000279
NODE_87_length_1970_cov_1.870496	1970	0.0861453432434806	0.574161916530474
NODE_88_length_1967_cov_2.078452	1967	0.360571377591311	0.233427671702475
NODE_89_length_1961_cov_2.308499	1961	0.399309392914312	0.208912982819787
NODE_90_length_1960_cov_1.839895	1960	0.0271541554141377	0.79080798820106
NODE_91_length_1945_cov_2.442328	1945	0.512534096842501	0.150117590784071
NODE_92_length_1937_cov_2.032944	1937	0.207467828466429	0.371307848686571
NODE_93_length_1860_cov_2.329086	1860	0.0719073590496181	0.612667915653526
NODE_94_length_1857_cov_1.794118	1857	0.118180156980146	0.504962729700642
NODE_95_length_1846_cov_1.690117	1846	0.0837449262722648	0.58030055407183
NODE_96_length_1841_cov_2.531915	1841	0.344287912187756	0.24486785984773
NODE_97_length_1835_cov_2.620787	1835	0.141731085799334	0.463546856937856
NODE_98_length_1835_cov_2.026404	1835	0.0750244672409061	0.604257184996213
NODE_99_length_1810_cov_1.700855	1810	0.324595940662866	0.260055008570176
NODE_100_length_1797_cov_2.602181	1797	0.258924372319406	0.316658030055407
NODE_101_length_1775_cov_2.337209	1775	0.194132906651139	0.388169171283932
NODE_102_length_1747_cov_1.356974	1747	0.316836875333576	0.266233507394268
NODE_103_length_1733_cov_2.500000	1733	0.0600211878245974	0.650855024514689
NODE_104_length_1732_cov_3.016100	1732	0.0836661866580625	0.580340415354566
NODE_105_length_1724_cov_1.902936	1724	0.188185232203586	0.395942121417467
NODE_106_length_1712_cov_2.733253	1712	0.86517923658206	0.0257902499302428
NODE_107_length_1695_cov_2.710366	1695	0.0520822692483792	0.678239725754375
NODE_108_length_1672_cov_1.677798	1672	0.319224302855517	0.2642803045402
NODE_109_length_1670_cov_1.480495	1670	0.316482811501995	0.266392952525212
NODE_110_length_1660_cov_1.999377	1660	0.116072065589265	0.509068441822458
NODE_111_length_1643_cov_2.164987	1643	0.12243891720818	0.497588392394467
NODE_112_length_1636_cov_1.906388	1636	0.2646559095131	0.311675369713397
NODE_113_length_1607_cov_1.780928	1607	0.0586934157792283	0.654442539960936
NODE_114_length_1607_cov_1.566366	1607	0.0207500528721962	0.828078287559294
NODE_115_length_1592_cov_2.052049	1592	0.0182517010200074	0.843743771674572
NODE_116_length_1591_cov_2.005208	1591	0.630851369112787	0.0986566747717942
NODE_117_length_1577_cov_2.931669	1577	0.095692823675115	0.552118627177423
NODE_118_length_1555_cov_2.621333	1555	0.0834548838563133	0.58121736357476
NODE_119_length_1554_cov_2.199466	1554	0.0203270104582403	0.830788854785347
NODE_120_length_1530_cov_2.113220	1530	0.0473323493899711	0.696496193247499
NODE_121_length_1524_cov_6.807352	1524	0.139299468580448	0.467134372384103
NODE_122_length_1507_cov_2.558540	1507	0.542570129524337	0.135687806433611
NODE_123_length_1475_cov_1.519014	1475	0.0179729661223735	0.845378084266752
NODE_124_length_1462_cov_3.327647	1462	0.0391507421437888	0.731095786662415
NODE_125_length_1457_cov_2.553495	1457	0.112497137122893	0.515645553473911
NODE_126_length_1455_cov_1.338571	1455	0.21207171029514	0.365607685255312
NODE_127_length_1452_cov_1.203293	1452	0.0233382006827689	0.812173635747598
NODE_128_length_1447_cov_1.448276	1447	0.0718813733338156	0.612707776936262
NODE_130_length_1441_cov_1.468254	1441	0.0290171022434375	0.781241280344401
NODE_131_length_1408_cov_1.946046	1408	0.28158224279608	0.295651134053494
NODE_132_length_1382_cov_2.583271	1382	0.0943634452158071	0.554869055686212
NODE_133_length_1376_cov_1.707797	1376	0.237075232261411	0.3392992386495
NODE_134_length_1375_cov_1.804545	1375	0.0900827237430739	0.565512018176745
NODE_135_length_1350_cov_1.902703	1350	0.24578704055301	0.33025072746841
NODE_136_length_1350_cov_1.871815	1350	0.197359772666108	0.383943875313908
NODE_137_length_1340_cov_1.589105	1340	0.103630166415632	0.533902020967035
NODE_138_length_1336_cov_1.633880	1336	0.0736346528287414	0.608163590704349
NODE_139_length_1330_cov_1.709804	1330	0.117010415184253	0.507593574361223
NODE_140_length_1315_cov_2.146825	1315	0.0458604115176868	0.702116634113286
NODE_141_length_1303_cov_1.568910	1303	0.338301467929539	0.249451907362379
NODE_142_length_1301_cov_2.502408	1301	0.0251707847614045	0.801211782995177
NODE_143_length_1287_cov_1.360390	1287	0.0806385571217295	0.587993781639893
NODE_144_length_1276_cov_1.841933	1276	0.177314562957644	0.411248853988121
NODE_145_length_1270_cov_1.879835	1270	0.0182204692951633	0.844102523219197
NODE_146_length_1266_cov_1.856317	1266	0.247059105537808	0.3291346115518
NODE_147_length_1266_cov_1.629232	1266	0.0040417700856841	0.960058994698449
NODE_148_length_1265_cov_1.555372	1265	0.346606995238283	0.24303424084187
NODE_150_length_1257_cov_1.632280	1257	0.0480576500409093	0.693187706780404
NODE_151_length_1252_cov_3.136174	1252	0.00350484268950236	0.965679435564236
NODE_152_length_1246_cov_1.651553	1246	0.0214330082186476	0.823573962610117
NODE_153_length_1230_cov_2.066383	1230	0.0796087039422103	0.591102961693307
NODE_154_length_1224_cov_1.649273	1224	0.0542888328949026	0.670626220751784
NODE_155_length_1223_cov_2.053938	1223	0.0924533894507293	0.559732132180013
NODE_156_length_1219_cov_1.586770	1219	0.0704465964622784	0.617052656754494
NODE_157_length_1215_cov_1.776724	1215	0.800333541813209	0.0433690756168534
NODE_158_length_1210_cov_2.582684	1210	0.0543527763092849	0.670426914338103
NODE_159_length_1189_cov_1.478836	1189	0.0228942453300917	0.815282815801012
NODE_161_length_1185_cov_2.099115	1185	0.01002735718169	0.904771395543509
NODE_162_length_1175_cov_1.980357	1175	0.105963030330557	0.528999083190497
NODE_163_length_1161_cov_2.471971	1161	0.504789223644176	0.153984135209471
NODE_164_length_1160_cov_1.874208	1160	0.355133070007243	0.236855742017778
NODE_165_length_1153_cov_1.587432	1153	0.198416835817339	0.382628452983617
NODE_166_length_1152_cov_2.107566	1152	0.0425543190127091	0.715151273567983
NODE_167_length_1148_cov_1.346752	1148	0.0491503882117678	0.688842826962172
NODE_168_length_1147_cov_1.941392	1147	0.021908121542061	0.820863395384063
NODE_169_length_1136_cov_1.362627	1136	0.0110933648029657	0.895842468210627
NODE_170_length_1133_cov_2.021336	1133	0.0248832524489328	0.802846095587356
NODE_171_length_1133_cov_1.479592	1133	0.0658963936211076	0.630844660581177
NODE_172_length_1110_cov_1.539336	1110	0.00576230313624779	0.942918643121936
NODE_173_length_1107_cov_2.376426	1107	0.769223913739598	0.0530155060389843
NODE_174_length_1106_cov_2.524263	1106	0.275508829739791	0.30067365567824
NODE_175_length_1101_cov_1.802103	1101	0.144499780370303	0.459401283533304
NODE_176_length_1099_cov_1.961686	1099	0.224656301318382	0.351855542711364
NODE_177_length_1096_cov_2.003842	1096	0.124953427023622	0.492964483597082
NODE_178_length_1093_cov_2.163776	1093	0.0467130364839187	0.699206760473552
NODE_179_length_1082_cov_1.176241	1082	0.0462180986891266	0.700841073065731
NODE_180_length_1069_cov_1.191321	1069	0.0914536112784587	0.562362976840595
NODE_182_length_1067_cov_2.641304	1067	0.24928814802419	0.326703073304899
NODE_183_length_1066_cov_1.521266	1066	0.195322092215414	0.386455136126281
NODE_184_length_1048_cov_1.861027	1048	0.34971841454162	0.240881731574122
NODE_185_length_1043_cov_1.512146	1043	0.315396409411149	0.267150316897198
NODE_186_length_1037_cov_2.726069	1037	0.228733428245973	0.347391079044924
NODE_187_length_1032_cov_1.498465	1032	0.0635546983594341	0.638737194562921
NODE_188_length_1029_cov_2.128337	1029	0.0853496001675456	0.576194841950014
NODE_189_length_1027_cov_1.703704	1027	0.160439337104178	0.436122294415434
NODE_190_length_1016_cov_1.385016	1016	0.106505666760682	0.52764379957747
NODE_191_length_1013_cov_1.477035	1013	0.0293785754084312	0.77972655160043
NODE_192_length_1012_cov_2.019854	1012	0.185502892507268	0.399649220711922
NODE_193_length_1011_cov_1.986402	1011	0.0845815960005292	0.578227767369554
NODE_194_length_1009_cov_2.110063	1009	0.202897964022288	0.377127595966038
NODE_195_length_1006_cov_1.270242	1006	0.0905150485811732	0.564754653804759
NODE_196_length_1005_cov_2.256842	1005	0.258287350745686	0.317335671861921
NODE_197_length_1005_cov_1.961053	1005	0.357228514599261	0.235540319687488
NODE_198_length_1005_cov_1.480000	1005	0.0616206731475818	0.645035277235221
NODE_199_length_999_cov_1.627119	999	0.17059842886129	0.531459781529295
NODE_200_length_993_cov_1.273987	993	0.130976585948548	0.604071499503476
NODE_201_length_990_cov_1.787166	990	0.0983058133938133	0.677259185700099
NODE_202_length_980_cov_1.438919	980	0.0264635732138846	0.898987090367428
NODE_203_length_978_cov_1.436620	978	0.0875285024205706	0.704051638530288
NODE_204_length_973_cov_1.247277	973	0.144426782826083	0.577636544190665
NODE_205_length_968_cov_1.398686	968	0.0708954253122354	0.748381330685204
NODE_206_length_961_cov_1.301325	961	0.0490303392113671	0.816067527308838
NODE_207_length_959_cov_1.631637	959	0.401426486023449	0.264687189672294
NODE_208_length_957_cov_1.723947	957	0.183518081383724	0.510109235352532
NODE_209_length_957_cov_1.396896	957	0.0739103641935907	0.739801390268123
NODE_210_length_956_cov_1.973363	956	0.40507104002379	0.26188679245283
NODE_211_length_955_cov_1.476667	955	0.295182896178661	0.366276067527309
NODE_212_length_954_cov_2.236930	954	0.203142863207564	0.481608738828203
NODE_213_length_948_cov_1.194849	948	0.217556181736865	0.461787487586892
NODE_214_length_947_cov_1.831839	947	0.0620545242470132	0.7746772591857
NODE_215_length_947_cov_1.588565	947	0.0500517474292085	0.812909632571996
NODE_216_length_938_cov_1.665912	938	0.0263690939755372	0.899205561072492
NODE_217_length_937_cov_1.639456	937	0.458145856985786	0.221866931479643
NODE_218_length_922_cov_1.430219	922	0.38024045710208	0.282025819265144
NODE_219_length_911_cov_1.650701	911	0.11190593373303	0.645402184707051
NODE_220_length_908_cov_1.206331	908	0.24877254184858	0.420993048659384
NODE_221_length_905_cov_1.332941	905	0.375711333030429	0.285779543197617
NODE_222_length_905_cov_1.321176	905	0.232681005237356	0.441310824230387
NODE_223_length_901_cov_1.164303	901	0.0980030759240443	0.677894736842105
NODE_224_length_900_cov_1.315976	900	0.106965997789713	0.657140019860973
NODE_225_length_899_cov_1.321090	899	0.367775150161563	0.292949354518371
NODE_226_length_894_cov_1.147795	894	0.0543642149322828	0.79845084409136
NODE_227_length_891_cov_1.480861	891	0.0214423814738989	0.918311817279047
NODE_228_length_889_cov_1.258993	889	0.260323435773523	0.406573982125124
NODE_229_length_889_cov_1.067146	889	0.0434762118099501	0.835531281032771
NODE_231_length_887_cov_1.753606	887	0.0421181904596964	0.840615690168818
NODE_232_length_885_cov_1.290361	885	0.201547543817017	0.4840317775571
NODE_233_length_879_cov_1.655340	879	0.0595472582206484	0.782184707050645
NODE_234_length_878_cov_2.185905	878	0.243667967647813	0.427110228401192
NODE_235_length_878_cov_1.130012	878	0.207510477347027	0.475670307845084
NODE_236_length_876_cov_1.982948	876	0.0569721592501764	0.789791459781529
NODE_237_length_875_cov_2.025610	875	0.229073981518159	0.446335650446872
NODE_238_length_871_cov_1.928922	871	0.0825663861114039	0.717040714995035
NODE_239_length_870_cov_1.241718	870	0.227967911939498	0.447706057596822
NODE_240_length_867_cov_2.056650	867	0.298714581784956	0.362879841112214
NODE_241_length_863_cov_1.417079	863	0.114096773153531	0.640714995034757
NODE_242_length_861_cov_1.003722	861	0.0318651717203693	0.877954319761668
NODE_243_length_853_cov_1.533835	853	0.0298891132040041	0.8853227408143
NODE_244_length_853_cov_1.224311	853	0.215711889561574	0.464190665342602
NODE_245_length_851_cov_1.511307	851	0.0955986470314495	0.683733862959285
NODE_246_length_848_cov_1.482976	848	0.12726441931641	0.611857000993049
NODE_247_length_846_cov_1.692794	846	0.21419955229793	0.466276067527309
NODE_249_length_844_cov_1.427123	844	0.268084930329737	0.397020854021847
NODE_250_length_843_cov_1.199239	843	0.0720368821237097	0.744945382323734
NODE_251_length_839_cov_2.141582	839	0.0700780805632076	0.751022840119166
NODE_252_length_829_cov_1.908269	829	0.0848863478403718	0.711042701092354
NODE_253_length_827_cov_1.318653	827	0.820783973734321	0.0375173783515392
NODE_254_length_821_cov_1.686684	821	0.132319401671726	0.601072492552135
NODE_255_length_819_cov_1.551047	819	0.0760342133332121	0.73390268123138
NODE_256_length_817_cov_3.299213	817	0.269921626486614	0.394995034756703
NODE_257_length_817_cov_1.574803	817	0.0791568785708597	0.725541211519364
NODE_258_length_816_cov_1.524310	816	0.227262075997622	0.448659384309831
NODE_259_length_816_cov_1.279895	816	0.177200837004153	0.520377358490566
NODE_260_length_815_cov_1.386842	815	0.319560704705087	0.340436941410129
NODE_261_length_813_cov_1.816623	813	0.053682586171325	0.800436941410129
NODE_262_length_811_cov_1.825397	811	0.0709491694283419	0.748202581926514
NODE_263_length_811_cov_1.518519	811	0.356234102650627	0.303872889771599
NODE_265_length_809_cov_1.055703	809	0.4088067011965	0.258848063555114
NODE_266_length_803_cov_1.610963	803	0.192003552186228	0.498272095332671
NODE_267_length_795_cov_1.658108	795	0.0554474828328195	0.794895729890765
NODE_268_length_791_cov_2.164402	791	0.230712054084055	0.444111221449851
NODE_269_length_791_cov_1.194293	791	0.0564728489779235	0.791261171797418
NODE_270_length_787_cov_1.560109	787	0.230702098428173	0.444111221449851
NODE_271_length_785_cov_1.897260	785	0.182191110218418	0.512095332671301
NODE_272_length_781_cov_1.632231	781	0.0350505366815715	0.866375372393247
NODE_273_length_777_cov_3.635734	777	0.668969805592875	0.0999404170804369
NODE_274_length_777_cov_1.270083	777	0.564142214489873	0.154975173783515
NODE_275_length_776_cov_1.527046	776	0.0241161034627432	0.908480635551142
NODE_276_length_773_cov_1.296657	773	0.21546302852555	0.464488579940417
NODE_277_length_770_cov_1.502098	770	0.063605805013977	0.769672293942403
NODE_278_length_767_cov_2.530899	767	0.0267468498194892	0.897994041708044
NODE_279_length_764_cov_1.823695	764	0.554126115657578	0.160496524329692
NODE_280_length_756_cov_2.233951	756	0.101798172352201	0.669314796425025
NODE_281_length_754_cov_1.474964	754	0.185544956704152	0.507348560079444
NODE_282_length_754_cov_1.363376	754	0.505492584621779	0.190427010923535
NODE_283_length_754_cov_1.198856	754	0.396408608731269	0.268738828202582
NODE_284_length_749_cov_2.061960	749	0.44731962375946	0.22909632571996
NODE_285_length_745_cov_1.278261	745	0.0407272475887175	0.8453227408143
NODE_286_length_743_cov_2.444767	743	0.131212579363114	0.603594836146971
NODE_287_length_743_cov_2.053779	743	0.0795410264974601	0.724369414101291
NODE_288_length_742_cov_2.020378	742	0.0722668604035171	0.744071499503476
NODE_289_length_742_cov_1.657933	742	0.152517722467363	0.563078450844091
NODE_290_length_740_cov_9.601460	740	0.492864332618402	0.198808341608739
NODE_291_length_740_cov_1.651095	740	0.0964396419786435	0.681588877855015
NODE_292_length_739_cov_1.326023	739	0.269637860045179	0.395253227408143
NODE_293_length_734_cov_1.496318	734	0.263086274594244	0.403217477656405
NODE_294_length_734_cov_1.232695	734	0.847449915050595	0.0291360476663357
NODE_295_length_733_cov_1.315634	733	0.13764298002587	0.5906454816286
NODE_296_length_733_cov_1.176991	733	0.0628980548061119	0.772234359483615
NODE_297_length_731_cov_1.250000	731	0.0861991200589715	0.707745779543198
NODE_298_length_726_cov_2.493294	726	0.157152893526768	0.55441906653426
NODE_299_length_721_cov_1.764264	721	0.00830646538377975	0.974200595829196
NODE_300_length_716_cov_1.745840	716	0.323810185509111	0.336385302879841
NODE_301_length_715_cov_0.990909	715	0.0713971411087549	0.746911618669315
NODE_302_length_714_cov_1.455235	714	0.063840821267856	0.768977159880834
NODE_303_length_714_cov_1.276176	714	0.164074032757574	0.542204568023833
NODE_304_length_713_cov_1.679331	713	0.0357513239529783	0.863793445878848
NODE_305_length_713_cov_1.531915	713	0.152400333171034	0.563277060575968
NODE_306_length_712_cov_1.152207	712	0.0361642079970749	0.862343594836147
NODE_307_length_711_cov_1.672256	711	0.473156299157904	0.211797418073486
NODE_308_length_711_cov_1.385671	711	0.032330773926787	0.876385302879841
NODE_309_length_709_cov_1.290520	709	0.134586770881777	0.596762661370407
NODE_310_length_707_cov_1.242331	707	0.49112235865941	0.199860973187686
NODE_311_length_705_cov_2857.230769	705	0.992646115748125	1.98609731876862e-05
NODE_312_length_705_cov_1.667692	705	0.0715454323940414	0.746375372393247
NODE_313_length_704_cov_1.503852	704	0.270199686132477	0.394736842105263
NODE_314_length_702_cov_1.438949	702	0.054635335003519	0.797656405163853
NODE_315_length_699_cov_1.706522	699	0.115127604096273	0.638152929493545
NODE_316_length_699_cov_1.377329	699	0.0426408951869077	0.838669314796425
NODE_317_length_698_cov_1.569207	698	0.251257665817817	0.41837140019861
NODE_318_length_694_cov_1.419405	694	0.133307102241458	0.59896722939424
NODE_319_length_693_cov_2.079937	693	0.0185351669982349	0.929950347567031
NODE_320_length_691_cov_1.471698	691	0.0264998212064147	0.898768619662363
NODE_321_length_690_cov_1.285039	690	0.204891389676374	0.479304865938431
NODE_322_length_688_cov_1.674566	688	0.344243516402784	0.315253227408143
NODE_323_length_688_cov_1.352291	688	0.286464691100467	0.376583912611718
NODE_324_length_687_cov_2.014241	687	0.249464592799511	0.420238331678252
NODE_326_length_678_cov_1.784912	678	0.30000962356664	0.361529294935452
NODE_327_length_674_cov_2.376414	674	0.25441198810402	0.414220456802383
NODE_328_length_673_cov_1.211974	673	0.0788308297614766	0.72617676266137
NODE_329_length_673_cov_1.135922	673	0.0996602213668235	0.674558093346574
NODE_330_length_671_cov_1.439935	671	0.117256439285896	0.633525322740814
NODE_331_length_671_cov_1.240260	671	0.142131126035642	0.581827209533267
NODE_332_length_670_cov_1.416260	670	0.209801000342942	0.472393247269116
NODE_333_length_669_cov_1.729642	669	0.0890991317789489	0.699960278053625
NODE_334_length_667_cov_1.777778	667	0.0368574610967107	0.859563058589871
NODE_335_length_667_cov_1.722222	667	0.109389604590705	0.651578947368421
NODE_336_length_662_cov_1.260297	662	0.319953005671787	0.34
NODE_337_length_661_cov_1.933993	661	0.0344494818062783	0.868639523336644
NODE_338_length_661_cov_1.024752	661	0.0870028858447161	0.705461767626614
NODE_339_length_659_cov_2.175497	659	0.727262686437154	0.0726911618669315
NODE_340_length_659_cov_1.889073	659	0.0753016619198639	0.736027805362463
NODE_341_length_658_cov_1.630182	658	0.246168012658056	0.424329692154916
NODE_343_length_657_cov_1.559801	657	0.112840570057973	0.643455809334657
NODE_345_length_655_cov_2.595000	655	0.399580724499332	0.266256206554121
NODE_346_length_655_cov_2.418333	655	0.0261563733514372	0.900337636544191
NODE_347_length_655_cov_1.155000	655	0.0488022349127844	0.816842105263158
NODE_348_length_653_cov_1.785953	653	0.100679741461968	0.672313803376365
NODE_350_length_652_cov_2.185930	652	0.0689185771427748	0.754041708043694
NODE_351_length_652_cov_2.061977	652	0.118663375169603	0.630049652432969
NODE_352_length_650_cov_2.384874	650	0.0410027937101254	0.843892750744787
NODE_353_length_650_cov_1.242017	650	0.0287014721236409	0.890228401191658
NODE_354_length_645_cov_1.437288	645	0.128500780807588	0.609473684210526
NODE_355_length_644_cov_2.382003	644	0.27439234098759	0.390268123138034
NODE_356_length_643_cov_2.498299	643	0.873342906418036	0.0209930486593843
NODE_357_length_641_cov_1.802048	641	0.0492503027973133	0.815312810327706
NODE_358_length_641_cov_1.735495	641	0.0574487546064075	0.788103277060576
NODE_359_length_641_cov_1.489761	641	0.0269290865444358	0.897060575968222
NODE_360_length_639_cov_1.785959	639	0.13855853427284	0.588957298907646
NODE_361_length_638_cov_1.965695	638	0.132050555861829	0.60162859980139
NODE_362_length_637_cov_1.218213	637	0.0483230329301552	0.818391261171797
NODE_363_length_637_cov_0.910653	637	0.137449693000293	0.590943396226415
NODE_364_length_636_cov_1.309811	636	0.212440676756948	0.468778550148957
NODE_365_length_635_cov_1.039655	635	0.249918663112476	0.419801390268123
NODE_366_length_632_cov_1.227036	632	0.0946353019924485	0.686077457795432
NODE_367_length_631_cov_1.192708	631	0.15647310261427	0.555471698113208
NODE_368_length_629_cov_1.081882	629	0.0707938014897647	0.748778550148957
NODE_370_length_624_cov_1.326889	624	0.434637800411098	0.238689175769613
NODE_371_length_621_cov_1.572438	621	0.00767516445670066	0.976663356504469
NODE_372_length_619_cov_1.553191	619	0.0806363926297328	0.721926514399206
NODE_373_length_618_cov_1.840142	618	0.0577454774957775	0.78720953326713
NODE_374_length_617_cov_1.628114	617	0.0297239099155951	0.885978152929494
NODE_375_length_616_cov_1.638146	616	0.172037867362344	0.529275074478649
NODE_376_length_616_cov_1.345811	616	0.0975503023415806	0.678947368421053
NODE_377_length_615_cov_2.223214	615	0.211355426145003	0.470367428003972
NODE_378_length_614_cov_1.602862	614	0.0358343965231569	0.863455809334657
NODE_379_length_612_cov_1.326750	612	0.196563911411864	0.49124131082423
NODE_380_length_611_cov_1.010791	611	0.138730281729911	0.588421052631579
NODE_381_length_610_cov_1.814414	610	0.12131507541084	0.624230387288977
NODE_382_length_608_cov_2.432188	608	0.116114706402952	0.636107249255214
NODE_383_length_608_cov_1.676311	608	0.0664533078363588	0.761469712015889
NODE_384_length_608_cov_1.271248	608	0.480406633682452	0.206891757696127
NODE_385_length_606_cov_1.778584	606	0.246587661075074	0.42377358490566
NODE_386_length_606_cov_1.691470	606	0.344569996263661	0.314875868917577
NODE_387_length_606_cov_1.219601	606	0.116913330518263	0.634240317775571
NODE_388_length_606_cov_0.956443	606	0.271008898190046	0.393982125124131
NODE_389_length_605_cov_1.841818	605	0.40761569097853	0.259682224428997
NODE_390_length_604_cov_1.398907	604	0.651465566783393	0.107864945382324
NODE_391_length_603_cov_1.208029	603	0.0473656920841359	0.821429990069513
NODE_392_length_602_cov_1.387569	602	0.181065865897081	0.514001986097319
NODE_393_length_602_cov_1.133455	602	0.303850569656739	0.357298907646475
NODE_394_length_600_cov_1.229358	600	0.0278011743683339	0.893704071499503
NODE_395_length_597_cov_1.780443	597	0.0449649833361248	0.829791459781529
NODE_396_length_597_cov_1.710332	597	0.368055457076938	0.29279046673287
NODE_397_length_596_cov_2.573013	596	0.0550342039272357	0.796444885799404
NODE_398_length_595_cov_1.779630	595	0.143580083960194	0.579185700099305
NODE_399_length_594_cov_2.111317	594	0.0248911322808113	0.905541211519364
NODE_400_length_593_cov_1.860595	593	0.0904646809417623	0.696524329692155
NODE_401_length_593_cov_1.286245	593	0.0637273672044893	0.769334657398212
NODE_402_length_592_cov_1.798883	592	0.124256693787523	0.618192651439921
NODE_403_length_592_cov_1.441341	592	0.0148807385747062	0.945739821251241
NODE_404_length_590_cov_1.061682	590	0.511311987416872	0.186474677259186
NODE_405_length_589_cov_1.818352	589	0.0424287301654976	0.839384309831182
NODE_406_length_589_cov_1.546816	589	0.207753051205507	0.475233366434955
NODE_407_length_589_cov_1.387640	589	0.36614948668944	0.294597815292949
NODE_408_length_589_cov_1.123596	589	0.0357179280416935	0.863992055610725
NODE_409_length_584_cov_1.568998	584	0.0622192629680107	0.774180734856008
NODE_410_length_582_cov_1.895636	582	0.00614112329858031	0.982999006951341
NODE_411_length_582_cov_1.485769	582	0.620411340820427	0.123833167825223
NODE_412_length_580_cov_1.489524	580	0.0330540367668842	0.873962264150943
NODE_413_length_580_cov_1.280000	580	0.0155360700161286	0.943058589870904
NODE_414_length_580_cov_1.196190	580	0.145474562550403	0.575729890764647
NODE_415_length_579_cov_1.593511	579	0.0301670670336282	0.884011916583913
NODE_416_length_577_cov_2.162835	577	0.298022821541974	0.363535253227408
NODE_417_length_576_cov_1.222649	576	0.0549961735180168	0.796544190665343
NODE_418_length_573_cov_1.291506	573	0.337163279288475	0.322284011916584
NODE_419_length_571_cov_2.253876	571	0.252404013024333	0.416722939424032
NODE_420_length_571_cov_1.180233	571	0.329375483158522	0.329950347567031
NODE_421_length_570_cov_1.633010	570	0.288903498948467	0.373604766633565
NODE_422_length_570_cov_1.262136	570	0.132610161327833	0.600615690168818
NODE_423_length_569_cov_1.338521	569	0.614575671190763	0.127030784508441
NODE_424_length_567_cov_1.849609	567	0.0360360011373812	0.862720953326713
NODE_426_length_566_cov_1.223092	566	0.52725675329848	0.176762661370407
NODE_427_length_565_cov_1.956863	565	0.0757083488574904	0.734915590863952
NODE_428_length_565_cov_1.345098	565	0.464438597162968	0.217477656405164
NODE_430_length_564_cov_1.815324	564	0.818990732612511	0.0382125124131082
NODE_431_length_564_cov_1.375246	564	0.250044007934294	0.419721946375372
NODE_432_length_564_cov_1.186640	564	0.0271436994633321	0.896127110228401
NODE_433_length_564_cov_1.131631	564	0.131807457413773	0.602343594836147
NODE_434_length_563_cov_1.496063	563	0.48109530410505	0.206454816285998
NODE_435_length_562_cov_1.554241	562	0.0538951548541315	0.799821251241311
NODE_436_length_561_cov_1.316206	561	0.366030521086661	0.294657398212512
NODE_437_length_560_cov_1.322772	560	0.0614128627973286	0.776583912611718
NODE_438_length_560_cov_1.231683	560	0.0495179879363895	0.814577954319762
NODE_439_length_560_cov_1.073267	560	0.207288407235482	0.475988083416087
NODE_440_length_557_cov_1.595618	557	0.271652087475313	0.393445878848064
NODE_441_length_557_cov_1.161355	557	0.434345001906581	0.238808341608739
NODE_442_length_554_cov_1.084168	554	0.0859257403622347	0.708520357497517
NODE_443_length_553_cov_1.317269	553	0.527565472133738	0.176603773584906
NODE_444_length_553_cov_1.014056	553	0.0936634982238179	0.688401191658391
NODE_445_length_552_cov_1.050302	552	0.0576968087012767	0.787428003972195
NODE_446_length_551_cov_1.723790	551	0.123541687505156	0.619682224428997
NODE_447_length_551_cov_0.981855	551	0.31350958201727	0.347050645481629
NODE_448_length_549_cov_1.530364	549	0.0500377786229702	0.812929493545184
NODE_449_length_546_cov_1.692464	546	0.511177845324006	0.186573982125124
NODE_450_length_546_cov_1.323829	546	0.403167083657425	0.263555114200596
NODE_451_length_545_cov_2.373469	545	0.123650357637237	0.619523336643496
NODE_452_length_544_cov_1.359918	544	0.368548405147294	0.292393247269116
NODE_453_length_544_cov_0.977505	544	0.116519988686327	0.635014895729891
NODE_454_length_542_cov_1.468172	542	0.330146395028009	0.329275074478649
NODE_455_length_542_cov_1.359343	542	0.306815850193489	0.35390268123138
NODE_456_length_542_cov_1.328542	542	0.349427228782209	0.310109235352532
NODE_457_length_541_cov_1.312757	541	0.261528393267735	0.405422045680238
NODE_458_length_541_cov_0.773663	541	0.190097438777238	0.500973187686197
NODE_459_length_540_cov_1.536082	540	0.0207025026815631	0.921449851042701
NODE_461_length_539_cov_1.287190	539	0.531955724986806	0.173704071499503
NODE_462_length_539_cov_0.873967	539	0.00850375475679488	0.973465739821251
NODE_463_length_538_cov_1.455487	538	0.176842773125452	0.520794438927507
NODE_464_length_536_cov_1.297297	536	0.13290209712083	0.599880834160874
NODE_465_length_534_cov_2.296451	534	0.482090071925151	0.205819265143992
NODE_466_length_534_cov_1.104384	534	0.114882279679269	0.6387090367428
NODE_467_length_533_cov_2.025105	533	0.0278915910644864	0.893445878848064
NODE_468_length_533_cov_2.008368	533	0.0502359379693821	0.812174776564052
NODE_469_length_533_cov_1.866109	533	0.33969827468329	0.319920556107249
NODE_470_length_532_cov_1.480084	532	0.141474887259667	0.583078450844091
NODE_471_length_530_cov_1.292632	530	0.0450739602921649	0.829275074478649
NODE_472_length_530_cov_1.246316	530	0.00819952561349756	0.974577954319762
NODE_473_length_529_cov_2.457806	529	0.151613117680633	0.564726911618669
NODE_474_length_529_cov_1.611814	529	0.0700172861502943	0.751201588877855
NODE_475_length_529_cov_1.481013	529	0.240328957447243	0.431340615690169
NODE_476_length_529_cov_1.257384	529	0.025099375406105	0.904468718967229
NODE_477_length_529_cov_1.198312	529	0.33680246775437	0.322601787487587
NODE_478_length_528_cov_2.040169	528	0.274567112139914	0.390109235352532
NODE_479_length_527_cov_1.576271	527	0.356592606723565	0.303475670307845
NODE_480_length_527_cov_1.381356	527	0.0892719227016321	0.699682224428997
NODE_481_length_525_cov_1.497872	525	0.191696614986341	0.498748758689176
NODE_482_length_523_cov_1.397436	523	0.502814208403422	0.192095332671301
NODE_483_length_523_cov_1.380342	523	0.107613530266965	0.655630585898709
NODE_484_length_523_cov_1.286325	523	0.615364977686448	0.126593843098312
NODE_485_length_522_cov_2.336188	522	0.0485601079219867	0.817616683217478
NODE_486_length_522_cov_1.588865	522	0.38967841427218	0.27382323733863
NODE_487_length_522_cov_1.308351	522	0.0346434063082594	0.867944389275074
NODE_488_length_522_cov_1.286938	522	0.0541173348443084	0.799126117179742
NODE_489_length_520_cov_1.696774	520	0.237042339042964	0.435650446871897
NODE_490_length_520_cov_1.354839	520	0.707958315107845	0.0812711022840119
NODE_491_length_520_cov_1.333333	520	0.353293586943677	0.306673286991063
NODE_492_length_519_cov_2.299569	519	0.0731490450632984	0.741708043694141
NODE_493_length_519_cov_1.808190	519	0.315639960706622	0.344846077457795
NODE_494_length_519_cov_1.517241	519	0.387845423325972	0.275431976166832
NODE_495_length_519_cov_1.439655	519	0.0426372752699922	0.838669314796425
NODE_496_length_518_cov_1.559395	518	0.23555469230376	0.437715988083416
NODE_497_length_517_cov_0.967532	517	0.0870530438964052	0.705302879841112
NODE_498_length_517_cov_0.956710	517	0.0204975035002052	0.922284011916584
NODE_499_length_515_cov_1.426087	515	0.0344908806375139	0.868440913604767
NODE_500_length_514_cov_1.328976	514	0.665906020529174	0.101350546176763
NODE_501_length_513_cov_1.364629	513	0.632937974270216	0.117239324726912
NODE_502_length_513_cov_1.024017	513	0.0583982440717384	0.785362462760675
NODE_503_length_512_cov_1.608315	512	0.279096570424112	0.384607745779543
NODE_504_length_512_cov_1.299781	512	0.565497419223983	0.154180734856008
NODE_505_length_512_cov_1.262582	512	0.119045159453373	0.629294935451837
NODE_507_length_508_cov_1.920530	508	0.167453064829783	0.53648460774578
NODE_508_length_508_cov_1.011038	508	0.0331804104048341	0.873525322740814
NODE_509_length_507_cov_1.803097	507	0.00263808341355625	0.994816285998014
NODE_510_length_507_cov_1.747788	507	0.0452581869777693	0.82875868917577
NODE_512_length_507_cov_1.168142	507	0.00881150418884163	0.972095332671301
NODE_513_length_507_cov_0.951327	507	0.2413636662759	0.430109235352532
NODE_514_length_506_cov_2.558758	506	0.399874636935453	0.266117179741807
NODE_515_length_506_cov_1.747228	506	0.445996657189882	0.23012909632572
NODE_516_length_506_cov_1.270510	506	0.207563231477969	0.475590863952334
NODE_517_length_506_cov_1.082040	506	0.0657283818203413	0.76317775571003
NODE_518_length_505_cov_1.866667	505	0.038609678051254	0.853068520357497
NODE_519_length_504_cov_1.554566	504	0.359856436322058	0.300139026812314
NODE_520_length_504_cov_1.443207	504	0.166999077220567	0.537298907646475
NODE_521_length_503_cov_1.439732	503	0.0219346737582975	0.916623634558093
NODE_522_length_503_cov_1.082589	503	0.16327317511104	0.543555114200596
NODE_523_length_501_cov_1.659193	501	0.292276535649635	0.369314796425025
NODE_524_length_501_cov_1.529148	501	0.0507258593224511	0.810307845084409
NODE_525_length_501_cov_1.334081	501	0.417653542153826	0.251857000993049
NODE_526_length_500_cov_1.707865	500	0.683801172774458	0.092154915590864
NODE_527_length_499_cov_1.610360	499	0.188849890037641	0.502601787487587
NODE_528_length_499_cov_1.490991	499	0.0364769335146318	0.860993048659384
NODE_529_length_498_cov_1.686230	498	0.0565540258568629	0.791002979145978
NODE_530_length_497_cov_0.918552	497	0.288662495375976	0.373882820258193
NODE_531_length_496_cov_1.206349	496	0.693297258293647	0.0876861966236346
NODE_532_length_496_cov_1.197279	496	0.0783916847148861	0.727527308838133
NODE_533_length_495_cov_1.400000	495	0.185780140709745	0.507050645481629
NODE_534_length_495_cov_1.397727	495	0.49919690248939	0.194538232373386
NODE_535_length_495_cov_1.204545	495	0.0623299109019841	0.774041708043694
NODE_536_length_495_cov_1.025000	495	0.0134368471641981	0.95167825223436
NODE_537_length_492_cov_1.363844	492	0.392072242737954	0.271896722939424
NODE_538_length_491_cov_1.284404	491	0.457386945749639	0.222363455809335
NODE_539_length_490_cov_1.809195	490	0.0835082487771992	0.714518371400199
NODE_540_length_490_cov_1.519540	490	0.177406892515123	0.519960278053625
NODE_541_length_490_cov_1.498851	490	0.0560160950790295	0.792989076464747
NODE_542_length_490_cov_1.213793	490	0.0394902371963067	0.850009930486594
NODE_543_length_490_cov_0.832184	490	0.0566137626451913	0.790824230387289
NODE_544_length_489_cov_0.917051	489	0.0120096574189393	0.957914597815293
NODE_545_length_489_cov_0.822581	489	0.103643322831684	0.664687189672294
NODE_547_length_486_cov_1.617169	486	0.119996800618226	0.627169811320755
NODE_548_length_486_cov_1.132251	486	0.3590283005024	0.301092353525323
NODE_549_length_486_cov_1.092807	486	0.0881444822807427	0.702601787487587
NODE_550_length_486_cov_0.972158	486	0.0598583042639104	0.78111221449851
NODE_551_length_485_cov_0.927907	485	0.0503649674001895	0.811717974180735
NODE_552_length_483_cov_1.570093	483	0.0515736415404409	0.807646474677259
NODE_553_length_483_cov_1.070093	483	0.631234309822428	0.118212512413108
NODE_555_length_479_cov_1.580189	479	0.162362973044965	0.545283018867925
NODE_556_length_479_cov_1.535377	479	0.0683609764832079	0.755749751737835
NODE_557_length_478_cov_7.380615	478	0.877785593516221	0.0195233366434955
NODE_558_length_478_cov_1.765957	478	0.0211699561035562	0.919404170804369
NODE_559_length_478_cov_1.153664	478	0.359546193465885	0.300476663356504
NODE_560_length_478_cov_1.148936	478	0.551558231118721	0.161966236345581
NODE_561_length_477_cov_1.770142	477	0.0190892198728569	0.927884806355511
NODE_562_length_477_cov_1.483412	477	0.0466169697608502	0.823972194637537
NODE_563_length_477_cov_1.376777	477	0.466668823912512	0.216166832174777
NODE_564_length_477_cov_1.353081	477	0.619020227732212	0.124726911618669
NODE_565_length_477_cov_1.353081	477	0.142018352402683	0.582105263157895
NODE_566_length_477_cov_1.258294	477	0.194513175492493	0.494260178748759
NODE_567_length_477_cov_0.917062	477	0.0878866282230554	0.703316782522344
NODE_569_length_475_cov_1.680952	475	0.29299114150231	0.368818272095333
NODE_570_length_475_cov_1.459524	475	0.182569652385521	0.511678252234359
NODE_571_length_475_cov_1.385714	475	0.0130523312595162	0.95356504468719
NODE_572_length_475_cov_1.252381	475	0.0781698590625538	0.727845084409136
NODE_574_length_473_cov_1.681818	473	0.135454152872891	0.594856007944389
NODE_575_length_473_cov_1.157895	473	0.224939557963635	0.451876861966236
NODE_576_length_472_cov_1.589928	472	0.0888473338982157	0.70077457795432
NODE_577_length_472_cov_1.467626	472	0.0978313386835265	0.678331678252234
NODE_578_length_472_cov_1.417266	472	0.53195382249125	0.173704071499503
NODE_579_length_472_cov_1.244604	472	0.0348197905307155	0.867348560079444
NODE_581_length_471_cov_1.274038	471	0.286382372338052	0.376603773584906
NODE_582_length_469_cov_1.594203	469	0.0117390985830856	0.95896722939424
NODE_583_length_469_cov_1.106280	469	0.0298288099613687	0.885541211519364
NODE_585_length_468_cov_1.786925	468	0.398862745552126	0.266852035749752
NODE_586_length_468_cov_1.394673	468	0.402481964675936	0.2640317775571
NODE_587_length_468_cov_1.372881	468	0.0203932575221296	0.92266137040715
NODE_588_length_468_cov_1.225182	468	0.150210379879775	0.567348560079444
NODE_589_length_467_cov_1.594660	467	0.274688720401911	0.389930486593843
NODE_590_length_467_cov_1.381068	467	0.0402330588752266	0.846971201588878
NODE_591_length_466_cov_1.883212	466	0.0745516178464206	0.738192651439921
NODE_592_length_466_cov_1.829684	466	0.376894323495883	0.284766633565045
NODE_593_length_466_cov_1.430657	466	0.354613377270866	0.305163853028798
NODE_594_length_466_cov_1.279805	466	0.245674699181688	0.424826216484608
NODE_595_length_465_cov_1.585366	465	0.024936973702624	0.905183714001986
NODE_596_length_464_cov_1.606357	464	0.527977269633491	0.176345580933466
NODE_597_length_464_cov_1.591687	464	0.00972598392579285	0.967785501489573
NODE_598_length_463_cov_3.036765	463	0.285946152772244	0.377040714995035
NODE_599_length_463_cov_1.196078	463	0.0219536832150789	0.916444885799404
NODE_600_length_462_cov_1.727273	462	0.817426130179625	0.0386295928500497
NODE_601_length_459_cov_1.722772	459	0.0421747012776303	0.840377358490566
NODE_602_length_459_cov_0.816832	459	0.0123706969581777	0.956643495531281
NODE_603_length_458_cov_1.295285	458	0.0550312965198205	0.796444885799404
NODE_604_length_457_cov_1.271144	457	0.12653694306622	0.613485600794439
NODE_605_length_457_cov_0.942786	457	0.113593088508574	0.641648460774578
NODE_606_length_456_cov_2.204489	456	0.0317005846911383	0.878530287984111
NODE_607_length_456_cov_1.703242	456	0.268036992026297	0.397100297914598
NODE_608_length_456_cov_1.097257	456	0.040958153586717	0.844250248262165
NODE_609_length_455_cov_2.032500	455	0.0808770697829044	0.721429990069513
NODE_610_length_455_cov_0.885000	455	0.159052730910477	0.551142005958292
NODE_611_length_454_cov_1.824561	454	0.34009060222534	0.319662363455809
NODE_612_length_454_cov_1.508772	454	0.0627759108381282	0.772631578947368
NODE_614_length_453_cov_1.718593	453	0.206103630514289	0.477775571002979
NODE_615_length_453_cov_1.688442	453	0.130091278128462	0.606077457795432
NODE_616_length_453_cov_1.582915	453	0.0454680637313159	0.828123138033764
NODE_617_length_453_cov_1.273869	453	0.110168577630546	0.649652432969215
NODE_618_length_453_cov_0.949749	453	0.0898990563136152	0.697934458788481
NODE_619_length_452_cov_1.037783	452	0.756030622635212	0.0604766633565045
NODE_620_length_451_cov_2.212121	451	0.279767819366278	0.383992055610725
NODE_621_length_451_cov_1.237374	451	0.0726925253645088	0.743058589870904
NODE_622_length_451_cov_0.891414	451	0.322125393274276	0.33785501489573
NODE_623_length_450_cov_1.463291	450	0.100914071544308	0.671400198609732
NODE_624_length_450_cov_1.215190	450	0.539049048359384	0.169453823237339
NODE_625_length_449_cov_1.494924	449	0.853271593285204	0.0275074478649454
NODE_626_length_448_cov_1.496183	448	0.0587704966106281	0.784349553128103
NODE_627_length_448_cov_0.872774	448	0.0646143898698191	0.766593843098312
NODE_628_length_447_cov_1.229592	447	0.156099043944901	0.55604766633565
NODE_629_length_447_cov_0.821429	447	0.0623264375334123	0.774061569016882
NODE_630_length_446_cov_1.112532	446	0.152052729068629	0.564051638530288
NODE_631_length_445_cov_2.592308	445	0.460002482707829	0.22077457795432
NODE_632_length_445_cov_1.153846	445	0.591586186707397	0.139006951340616
NODE_633_length_445_cov_0.900000	445	0.797358876634031	0.0455809334657398
NODE_634_length_444_cov_1.683805	444	0.0214368839287118	0.918331678252234
NODE_635_length_444_cov_1.377892	444	0.283738351567943	0.379503475670308
NODE_636_length_443_cov_1.025773	443	0.541610806028055	0.167864945382324
NODE_637_length_442_cov_1.372093	442	0.461641443508679	0.219781529294935
NODE_638_length_441_cov_1.598446	441	0.0636057284189882	0.769672293942403
NODE_639_length_440_cov_1.854545	440	0.0151289788177611	0.944746772591857
NODE_640_length_440_cov_1.425974	440	0.273156158241975	0.391777557100298
NODE_641_length_440_cov_1.205195	440	0.424199225400075	0.246812313803376
NODE_642_length_440_cov_1.023377	440	0.836294813659501	0.0325521350546177
NODE_643_length_438_cov_1.266319	438	0.123758939542344	0.619344587884806
NODE_644_length_438_cov_1.201044	438	0.00368396872862869	0.991717974180735
NODE_645_length_438_cov_0.814621	438	0.0195431840489436	0.926395233366435
NODE_646_length_437_cov_1.575916	437	0.5701447714804	0.151221449851043
NODE_647_length_437_cov_1.099476	437	0.0298792914373945	0.885362462760675
NODE_648_length_436_cov_1.724409	436	0.0492334092144305	0.815392254220457
NODE_649_length_436_cov_1.160105	436	0.00661350703169377	0.981429990069513
NODE_650_length_435_cov_4.236842	435	0.815158179446514	0.039304865938431
NODE_651_length_435_cov_1.160526	435	0.00318587166813344	0.993008937437935
NODE_652_length_434_cov_1.643799	434	0.149195746735419	0.5693545183714
NODE_653_length_434_cov_1.572559	434	0.741922667817637	0.0667130089374379
NODE_654_length_433_cov_1.396825	433	0.729527415824185	0.0717576961271102
NODE_655_length_432_cov_1.623342	432	0.100630544311627	0.672432969215492
NODE_656_length_432_cov_1.509284	432	0.0843749697418754	0.712472691161867
NODE_657_length_432_cov_1.156499	432	0.208418570613966	0.474399205561073
NODE_658_length_431_cov_1.672872	431	0.100585529467366	0.672571996027805
NODE_659_length_431_cov_1.430851	431	0.447444398110509	0.22901688182721
NODE_660_length_431_cov_1.356383	431	0.0293945270202698	0.887328699106256
NODE_661_length_431_cov_1.146277	431	0.0190243292516705	0.928162859980139
NODE_663_length_430_cov_1.530667	430	0.208134985173671	0.474776564051639
NODE_664_length_429_cov_1.655080	429	0.645911076870185	0.110923535253227
NODE_666_length_429_cov_1.128342	429	0.106353815459905	0.658411122144985
NODE_667_length_427_cov_1.782258	427	0.466474811399778	0.21630585898709
NODE_668_length_427_cov_1.137097	427	0.285459874294576	0.377537239324727
NODE_669_length_427_cov_1.075269	427	0.0795002213694774	0.724568023833168
NODE_670_length_427_cov_0.967742	427	0.0910380601209669	0.694915590863952
NODE_672_length_426_cov_1.590296	426	0.0284319913226389	0.891261171797418
NODE_673_length_426_cov_1.420485	426	0.0834071065771565	0.714816285998014
NODE_674_length_426_cov_1.291105	426	0.764676594722729	0.0572393247269116
NODE_675_length_426_cov_1.191375	426	0.00464617805908581	0.988401191658391
NODE_676_length_426_cov_1.175202	426	0.209397958327469	0.472989076464747
NODE_677_length_425_cov_1.659459	425	0.157313545611288	0.554220456802383
NODE_678_length_425_cov_1.554054	425	0.647135698379315	0.110148957298908
NODE_679_length_423_cov_1.888587	423	0.0407421794790804	0.845203574975174
NODE_680_length_423_cov_1.673913	423	0.522084032264476	0.18
NODE_681_length_423_cov_0.961957	423	0.139701958405403	0.586713008937438
NODE_682_length_422_cov_1.242507	422	0.00163838112252585	0.997517378351539
NODE_683_length_421_cov_2.653005	421	0.059569790701442	0.782125124131082
NODE_684_length_421_cov_1.595628	421	0.278668007556353	0.384905660377359
NODE_685_length_421_cov_1.196721	421	0.473122470350499	0.211857000993049
NODE_686_length_421_cov_0.846995	421	0.0625676078342877	0.773227408142999
NODE_687_length_421_cov_0.718579	421	0.090145385853756	0.697378351539225
NODE_688_length_420_cov_2.526027	420	0.836474370884803	0.0324329692154916
NODE_689_length_420_cov_1.578082	420	0.197532757493435	0.489652432969216
NODE_690_length_420_cov_1.057534	420	0.598128750216705	0.135412115193644
NODE_691_length_419_cov_1.541209	419	0.062710699150207	0.772770605759682
NODE_692_length_419_cov_1.258242	419	0.00738212626632192	0.978252234359484
NODE_693_length_419_cov_1.222527	419	0.0261840308505066	0.900119165839126
NODE_694_length_418_cov_1.066116	418	0.0197556709347401	0.925422045680238
NODE_695_length_418_cov_0.980716	418	0.272136836288128	0.392869910625621
NODE_696_length_418_cov_0.862259	418	0.0210217668059381	0.919980139026812
NODE_697_length_417_cov_2.585635	417	0.274783045929868	0.389831181727905
NODE_698_length_417_cov_1.386740	417	0.203871874043495	0.48051638530288
NODE_699_length_417_cov_1.082873	417	0.198711465728628	0.488063555114201
NODE_700_length_417_cov_0.988950	417	0.112904919206573	0.643296921549156
NODE_701_length_416_cov_1.335180	416	0.0399001317752915	0.848321747765641
NODE_702_length_415_cov_1.166667	415	0.0912343026488561	0.694558093346574
NODE_703_length_415_cov_0.850000	415	0.742171502102045	0.0665938430983118
NODE_704_length_414_cov_1.487465	414	0.236691114523726	0.436146971201589
NODE_705_length_414_cov_1.108635	414	0.181415542110369	0.513247269116187
NODE_706_length_413_cov_0.980447	413	0.0896329215973082	0.698669314796425
NODE_707_length_412_cov_1.470588	412	0.457574705140341	0.222244289970209
NODE_708_length_412_cov_1.224090	412	0.478458966856887	0.208321747765641
NODE_709_length_411_cov_1.603933	411	0.23497740941218	0.438411122144985
NODE_710_length_411_cov_1.581461	411	0.178726419845808	0.517815292949354
NODE_711_length_411_cov_1.553371	411	0.178197824376021	0.518768619662363
NODE_712_length_411_cov_1.250000	411	0.0489083653290575	0.81648460774578
NODE_713_length_411_cov_1.115169	411	0.0141888292575742	0.948718967229394
NODE_714_length_410_cov_1.338028	410	0.0840741106496589	0.713088381330685
NODE_715_length_409_cov_1.110169	409	0.16249731112383	0.545024826216485
NODE_717_length_408_cov_1.611898	408	0.220233490025849	0.458430983118173
NODE_718_length_408_cov_1.266289	408	0.0491423371300858	0.815749751737835
NODE_719_length_408_cov_1.257790	408	0.106853766955376	0.657398212512413
NODE_720_length_408_cov_1.240793	408	0.739357797887899	0.0676663356504469
NODE_721_length_408_cov_1.212465	408	0.3117011909006	0.349116186693148
NODE_722_length_408_cov_1.118980	408	0.565606471686981	0.154041708043694
NODE_723_length_407_cov_1.755682	407	0.0457658533482544	0.827050645481629
NODE_724_length_407_cov_1.338068	407	0.29746236332133	0.364111221449851
NODE_725_length_407_cov_1.252841	407	0.0385024452745738	0.853366434955313
NODE_726_length_407_cov_1.142045	407	0.00459243625586769	0.988639523336644
NODE_727_length_406_cov_1.512821	406	0.0316281824769638	0.878848063555114
NODE_728_length_406_cov_1.495726	406	0.167833879098867	0.535849056603774
NODE_729_length_406_cov_1.119658	406	0.035907467199187	0.863157894736842
NODE_730_length_406_cov_1.082621	406	0.596316505208739	0.136365441906653
NODE_731_length_406_cov_1.000000	406	0.0734846077945713	0.740933465739821
NODE_732_length_405_cov_2.394286	405	0.706650550629357	0.0818669314796425
NODE_733_length_405_cov_1.388571	405	0.30186551835902	0.359880834160874
NODE_734_length_405_cov_1.262857	405	0.686961870084965	0.0904071499503476
NODE_735_length_403_cov_1.580460	403	0.209228628760024	0.473267130089374
NODE_736_length_403_cov_1.522989	403	0.14034342591713	0.584985104270109
NODE_737_length_403_cov_1.250000	403	0.00448281447265732	0.989016881827209
NODE_738_length_403_cov_1.008621	403	0.0455196916271671	0.827924528301887
NODE_739_length_402_cov_1.567723	402	0.0830867908225549	0.715590863952334
NODE_740_length_402_cov_1.423631	402	0.10465768805658	0.662284011916584
NODE_741_length_402_cov_1.118156	402	0.206584246383408	0.47708043694141
NODE_742_length_401_cov_1.968208	401	0.130438964435424	0.605302879841112
NODE_743_length_401_cov_0.895954	401	0.0454493294315951	0.828182720953327
NODE_744_length_400_cov_1.634783	400	0.110752099590075	0.648202581926514
NODE_745_length_399_cov_1.691860	399	0.0260363109898698	0.900695134061569
NODE_746_length_398_cov_2.189504	398	0.0887646894668858	0.700913604766634
NODE_747_length_398_cov_1.521866	398	0.443921512508351	0.231678252234359
NODE_748_length_398_cov_1.169096	398	0.151603063297084	0.564746772591857
NODE_749_length_398_cov_1.145773	398	0.362114953432691	0.297974180734856
NODE_750_length_398_cov_1.046647	398	0.041142556316651	0.843574975173784
NODE_751_length_398_cov_0.892128	398	0.027244507465378	0.895670307845084
NODE_752_length_398_cov_0.892128	398	0.0671178297247608	0.759364448857994
NODE_754_length_398_cov_0.644315	398	0.14220077978395	0.581727904667329
NODE_755_length_397_cov_1.500000	397	0.361386160690413	0.29862959285005
NODE_756_length_397_cov_1.435673	397	0.365718197990914	0.294915590863952
NODE_757_length_397_cov_1.406433	397	0.254957883368338	0.413624627606753
NODE_758_length_397_cov_1.049708	397	0.170885961164049	0.530943396226415
NODE_759_length_397_cov_0.558480	397	0.225503310768893	0.450943396226415
NODE_760_length_396_cov_1.744868	396	0.337240132596069	0.322164846077458
NODE_761_length_396_cov_1.354839	396	0.00607551119814483	0.983376365441907
NODE_762_length_396_cov_1.290323	396	0.0625915185286036	0.773167825223436
NODE_763_length_396_cov_1.266862	396	0.0533158395970516	0.80162859980139
NODE_764_length_396_cov_1.032258	396	0.808866600115977	0.0417279046673287
NODE_765_length_395_cov_2.323529	395	0.163448992089057	0.543336643495531
NODE_766_length_395_cov_1.911765	395	0.222339341856152	0.455590863952334
NODE_767_length_395_cov_1.276471	395	0.0173791394905566	0.935412115193645
NODE_768_length_394_cov_4.569322	394	0.549236270231533	0.163217477656405
NODE_769_length_394_cov_1.799410	394	0.0226436247659979	0.913525322740814
NODE_770_length_394_cov_1.056047	394	0.33753665132421	0.321906653426018
NODE_771_length_393_cov_1.686391	393	0.184477918290094	0.508798411122145
NODE_772_length_393_cov_1.301775	393	0.0631095406708787	0.771459781529295
NODE_773_length_393_cov_1.284024	393	0.0234836518301829	0.910764647467726
NODE_774_length_393_cov_1.147929	393	0.759633471254556	0.0591857000993049
NODE_775_length_393_cov_1.059172	393	0.764425405973642	0.05733862959285
NODE_776_length_392_cov_1.192878	392	0.120662089381212	0.625481628599801
NODE_777_length_392_cov_1.038576	392	0.325367215043248	0.33441906653426
NODE_778_length_392_cov_0.783383	392	0.528905051878162	0.175829195630586
NODE_779_length_390_cov_2.373134	390	0.0264003140444834	0.899165839126117
NODE_780_length_390_cov_1.152239	390	0.0889326803578673	0.700496524329692
NODE_781_length_390_cov_1.086567	390	0.039188619023872	0.851082423038729
NODE_782_length_390_cov_0.925373	390	0.0630703719654157	0.771519364448858
NODE_783_length_389_cov_1.368263	389	0.304398747297597	0.35682224428997
NODE_784_length_389_cov_1.311377	389	0.529548843054088	0.175431976166832
NODE_786_length_389_cov_1.065868	389	0.00558840790254615	0.985183714001986
NODE_787_length_389_cov_0.814371	389	0.239758737129101	0.432115193644489
NODE_789_length_388_cov_1.462462	388	0.441141667816474	0.233882820258193
NODE_790_length_387_cov_1.981928	387	0.0715262435860099	0.746415094339623
NODE_792_length_386_cov_1.063444	386	0.114569745240898	0.63948361469712
NODE_793_length_386_cov_0.903323	386	0.0480286061222053	0.819285004965243
NODE_794_length_385_cov_1.342424	385	0.321412285314631	0.338550148957299
NODE_795_length_385_cov_1.275758	385	0.137519117218612	0.590883813306852
NODE_796_length_385_cov_0.803030	385	0.209995763645927	0.472115193644489
NODE_797_length_384_cov_1.656535	384	0.529446933389112	0.175491559086395
NODE_798_length_384_cov_1.200608	384	0.059265287598684	0.782979145978153
NODE_799_length_384_cov_1.072948	384	0.0286267121711549	0.890506454816286
NODE_800_length_383_cov_1.957317	383	0.0423918862045117	0.839503475670308
NODE_801_length_383_cov_1.615854	383	0.0547927453710501	0.797298907646475
NODE_802_length_383_cov_1.378049	383	0.280598431947959	0.38317775571003
NODE_803_length_383_cov_1.262195	383	0.251086920902305	0.418530287984111
NODE_804_length_383_cov_1.213415	383	0.672773359661116	0.0980536246276068
NODE_805_length_383_cov_0.984756	383	0.0261515973852889	0.900337636544191
NODE_806_length_382_cov_2.883792	382	0.119751035166983	0.627686196623635
NODE_807_length_382_cov_1.902141	382	0.156157112861604	0.555928500496524
NODE_808_length_382_cov_1.636086	382	0.051395387186434	0.808182720953327
NODE_809_length_382_cov_1.480122	382	0.496004094628676	0.197020854021847
NODE_810_length_382_cov_1.415902	382	0.0494618726460344	0.814756703078451
NODE_811_length_382_cov_0.984709	382	0.0112369525122843	0.960834160873883
NODE_812_length_381_cov_1.616564	381	0.231946313487453	0.442363455809335
NODE_813_length_381_cov_1.095092	381	0.134956595318008	0.595908639523337
NODE_814_length_380_cov_1.563077	380	0.917550470360461	0.0101688182720953
NODE_815_length_380_cov_1.329231	380	0.1396510656356	0.586871896722939
NODE_816_length_380_cov_1.276923	380	0.0688040871927133	0.754379344587885
NODE_817_length_380_cov_1.270769	380	0.0473504052037609	0.821449851042701
NODE_818_length_380_cov_1.240000	380	0.171431915778515	0.530049652432969
NODE_819_length_380_cov_1.098462	380	0.877473894625981	0.0196623634558093
NODE_820_length_379_cov_2.842593	379	0.664177113858578	0.101986097318769
NODE_821_length_379_cov_1.243827	379	0.00574157616643044	0.984587884806356
NODE_822_length_379_cov_1.166667	379	0.378443973842494	0.283535253227408
NODE_823_length_379_cov_0.944444	379	0.0489127296077872	0.816464746772592
NODE_824_length_379_cov_0.814815	379	0.0564006911179996	0.791578947368421
NODE_825_length_379_cov_0.746914	379	0.00737214899923499	0.978272095332671
NODE_827_length_378_cov_1.179567	378	0.0885904581750338	0.701330685203575
NODE_828_length_378_cov_1.089783	378	0.213248709093938	0.467686196623635
NODE_829_length_378_cov_0.925697	378	0.690043296097595	0.0889572989076465
NODE_830_length_377_cov_1.385093	377	0.399723054145575	0.266156901688183
NODE_831_length_377_cov_1.372671	377	0.0685098255739641	0.755213505461768
NODE_832_length_377_cov_1.232919	377	0.33417956920804	0.325203574975174
NODE_833_length_376_cov_3.535826	376	0.528019639652436	0.176325719960278
NODE_834_length_376_cov_1.211838	376	0.160198649684857	0.54909632571996
NODE_835_length_376_cov_1.021807	376	0.0340871789147963	0.870009930486594
NODE_836_length_376_cov_0.950156	376	0.253638632918162	0.415213505461768
NODE_837_length_375_cov_1.800000	375	0.0112050355568587	0.960933465739821
NODE_838_length_375_cov_1.475000	375	0.0320215869304372	0.877437934458788
NODE_839_length_375_cov_1.453125	375	0.0495507428147101	0.814538232373386
NODE_840_length_375_cov_1.300000	375	0.156482683546603	0.55545183714002
NODE_841_length_375_cov_1.096875	375	0.118396564700197	0.630784508440914
NODE_842_length_375_cov_1.081250	375	0.0753492112235444	0.735888778550149
NODE_843_length_374_cov_1.912226	374	0.0195906581324651	0.926196623634558
NODE_844_length_374_cov_1.667712	374	0.179115784875257	0.517199602780536
NODE_845_length_374_cov_1.501567	374	0.0229738112279692	0.912452830188679
NODE_846_length_374_cov_1.090909	374	0.141384139446531	0.583316782522344
NODE_847_length_374_cov_0.818182	374	0.496830873612213	0.196345580933466
NODE_848_length_373_cov_1.814465	373	0.0602552271797194	0.780139026812314
NODE_849_length_373_cov_1.632075	373	0.106480158353979	0.658172790466733
NODE_850_length_373_cov_1.600629	373	0.333412195473985	0.325898709036743
NODE_851_length_373_cov_1.493711	373	0.0262228832152625	0.899960278053625
NODE_852_length_373_cov_1.103774	373	0.0630775693130764	0.771459781529295
NODE_854_length_372_cov_1.526814	372	0.139779659002452	0.58643495531281
NODE_855_length_372_cov_1.391167	372	0.055905444194366	0.79330685203575
NODE_856_length_372_cov_1.337539	372	0.0778770586458887	0.728619662363456
NODE_857_length_372_cov_1.268139	372	0.439268701714352	0.235551142005958
NODE_858_length_372_cov_1.041009	372	0.234837001195332	0.438609731876862
NODE_859_length_371_cov_1.136076	371	0.322487271596106	0.33733862959285
NODE_860_length_371_cov_0.876582	371	0.0632874827297818	0.770824230387289
NODE_861_length_371_cov_0.851266	371	0.00383410056129798	0.991082423038729
NODE_862_length_371_cov_0.762658	371	0.396476841540817	0.268718967229394
NODE_863_length_371_cov_0.746835	371	0.0125664465249585	0.955829195630586
NODE_864_length_370_cov_1.644444	370	0.274146227037698	0.390566037735849
NODE_865_length_370_cov_1.539683	370	0.152267801436079	0.56351539225422
NODE_867_length_370_cov_0.980952	370	0.226607414101135	0.44961271102284
NODE_869_length_369_cov_5.882166	369	0.109046107271776	0.652452830188679
NODE_870_length_369_cov_1.847134	369	0.0345514490176702	0.86824230387289
NODE_871_length_369_cov_1.812102	369	0.197685419687293	0.4893545183714
NODE_872_length_369_cov_1.665605	369	0.382727422946976	0.279841112214499
NODE_874_length_369_cov_1.566879	369	0.0289717826026324	0.889215491559086
NODE_875_length_369_cov_1.531847	369	0.134268954778868	0.59733862959285
NODE_876_length_369_cov_1.324841	369	0.162861102787286	0.544369414101291
NODE_877_length_369_cov_1.251592	369	0.0934736459005765	0.688937437934459
NODE_878_length_369_cov_1.136943	369	0.501665347552593	0.192929493545184
NODE_879_length_368_cov_1.629393	368	0.146461300231689	0.574299900695134
NODE_880_length_368_cov_1.047923	368	0.116847139110683	0.634339622641509
NODE_881_length_368_cov_0.872204	368	0.882721486554247	0.0180536246276068
NODE_883_length_367_cov_1.798077	367	0.324577634245911	0.335273088381331
NODE_884_length_367_cov_1.730769	367	0.250910463453044	0.41862959285005
NODE_885_length_367_cov_1.112179	367	0.378798982222966	0.283138033763654
NODE_886_length_367_cov_0.833333	367	0.139297280678949	0.587527308838133
NODE_887_length_367_cov_0.705128	367	0.0086508252210344	0.972810327706058
NODE_888_length_366_cov_2.045016	366	0.00180815203372693	0.997219463753724
NODE_889_length_366_cov_1.565916	366	0.119242563386629	0.62883813306852
NODE_890_length_366_cov_0.926045	366	0.0419162635384703	0.840973187686197
NODE_891_length_366_cov_0.778135	366	0.0916140079522188	0.69356504468719
NODE_893_length_365_cov_2.119355	365	0.637510870847611	0.114816285998014
NODE_894_length_365_cov_2.022581	365	0.0904514260376968	0.696544190665343
NODE_896_length_365_cov_0.841935	365	0.270062018230159	0.394856007944389
NODE_897_length_365_cov_0.832258	365	0.161592650716019	0.546673286991063
NODE_898_length_365_cov_0.825806	365	0.0872564441509723	0.704707050645482
NODE_899_length_364_cov_2.152104	364	0.287035980380723	0.375849056603774
NODE_900_length_364_cov_1.546926	364	0.993619238127281	1.98609731876862e-05
NODE_901_length_364_cov_1.427184	364	0.111871578006567	0.645521350546177
NODE_902_length_364_cov_0.870550	364	0.898991978216835	0.0138033763654419
NODE_905_length_363_cov_1.568182	363	0.0880416338948439	0.702899702085402
NODE_906_length_363_cov_1.149351	363	0.195369282808054	0.492830188679245
NODE_907_length_363_cov_1.139610	363	0.309718005761673	0.351102284011917
NODE_908_length_363_cov_1.012987	363	0.0316737866304719	0.878649453823237
NODE_911_length_362_cov_0.980456	362	0.636762104700804	0.115213505461768
NODE_912_length_362_cov_0.889251	362	0.0328206697805702	0.874816285998014
NODE_913_length_362_cov_0.811075	362	0.219100801785205	0.459960278053625
NODE_915_length_361_cov_1.784314	361	0.286921467730249	0.376027805362463
NODE_916_length_361_cov_1.581699	361	0.748277261886941	0.0637934458788481
NODE_917_length_361_cov_1.225490	361	0.352316313963079	0.307388282025819
NODE_920_length_360_cov_1.921311	360	0.0724093490419909	0.743833167825223
NODE_921_length_360_cov_1.003279	360	0.464512876835503	0.217457795431976
NODE_922_length_360_cov_0.872131	360	0.432811730322214	0.239960278053625
NODE_923_length_360_cov_0.832787	360	0.0945620475910561	0.686156901688183
NODE_924_length_359_cov_1.835526	359	0.265726441220977	0.399920556107249
NODE_925_length_359_cov_1.177632	359	0.490100125092295	0.200496524329692
NODE_927_length_358_cov_1.607261	358	0.399564910759403	0.266276067527309
NODE_928_length_358_cov_1.409241	358	0.104966813665312	0.661549155908639
NODE_930_length_358_cov_1.158416	358	0.274528698792221	0.39012909632572
NODE_932_length_357_cov_1.619205	357	0.0238380058355224	0.909433962264151
NODE_933_length_357_cov_1.245033	357	0.0703815240555759	0.749990069513406
NODE_934_length_357_cov_1.132450	357	0.371484431640034	0.289394240317776
NODE_935_length_357_cov_1.026490	357	0.0868496431223854	0.705719960278054
NODE_936_length_357_cov_1.013245	357	0.254693656533745	0.41382323733863
NODE_937_length_357_cov_0.884106	357	0.261227252426093	0.405640516385303
NODE_938_length_356_cov_1.176080	356	0.917906202714865	0.0101688182720953
NODE_939_length_356_cov_0.883721	356	0.0858351287522598	0.708659384309831
NODE_940_length_355_cov_1.616667	355	0.148018626180112	0.571459781529295
NODE_941_length_355_cov_1.470000	355	0.0308862617703344	0.881390268123138
NODE_942_length_355_cov_0.720000	355	0.743920022267385	0.0658391261171797
NODE_943_length_354_cov_2.367893	354	0.0928750131873663	0.690407149950348
NODE_944_length_354_cov_1.809365	354	0.224703712719871	0.452234359483615
NODE_945_length_354_cov_1.739130	354	0.0019825580648952	0.996742800397219
NODE_946_length_354_cov_1.468227	354	0.013961028959927	0.949572989076465
NODE_947_length_354_cov_1.391304	354	0.123173296674817	0.620337636544191
NODE_948_length_354_cov_1.046823	354	0.722364196393329	0.0747368421052632
NODE_949_length_354_cov_0.896321	354	0.152781140641867	0.562442899702085
NODE_950_length_353_cov_1.651007	353	0.174161090874553	0.525640516385303
NODE_951_length_353_cov_1.634228	353	0.00491440786267331	0.987567030784508
NODE_952_length_353_cov_1.617450	353	0.00148706038995881	0.997894736842105
NODE_953_length_353_cov_1.251678	353	0.315732904952969	0.344786494538232
NODE_954_length_353_cov_1.187919	353	0.0192697840440308	0.927249255213505
NODE_955_length_353_cov_0.691275	353	0.157799062753473	0.553525322740814
NODE_956_length_352_cov_1.861953	352	0.333628205429236	0.325739821251241
NODE_957_length_352_cov_1.484848	352	0.204667533463849	0.479424031777557
NODE_959_length_351_cov_4.584459	351	0.270475723823081	0.39441906653426
NODE_960_length_351_cov_1.793919	351	0.208623096804913	0.47408142999007
NODE_961_length_351_cov_1.652027	351	0.544110774972296	0.166573982125124
NODE_962_length_351_cov_1.358108	351	0.0334600814106308	0.872591857000993
NODE_963_length_351_cov_1.307432	351	0.121742617236089	0.623316782522344
NODE_965_length_351_cov_1.199324	351	0.0214487387954767	0.918291956305859
NODE_966_length_351_cov_0.878378	351	0.529205807630324	0.175610724925521
NODE_967_length_351_cov_0.875000	351	0.00376689006035826	0.991459781529295
NODE_968_length_351_cov_0.844595	351	0.555651649676885	0.159721946375372
NODE_969_length_351_cov_0.760135	351	0.126400765862671	0.613843098311817
NODE_971_length_350_cov_1.742373	350	0.205666266839557	0.478272095332671
NODE_972_length_350_cov_1.332203	350	0.0916005184822997	0.693604766633565
NODE_973_length_350_cov_1.057627	350	0.0926121839983838	0.691002979145978
NODE_974_length_350_cov_0.898305	350	0.00547644852563834	0.985620655412115
NODE_975_length_350_cov_0.810169	350	0.696793252943488	0.0862959285004965
NODE_977_length_350_cov_0.718644	350	0.135979280492622	0.593843098311817
NODE_979_length_349_cov_1.653061	349	0.235088889995806	0.438331678252234
NODE_980_length_349_cov_0.914966	349	0.205870150112083	0.478073485600794
NODE_981_length_349_cov_0.901361	349	0.104475341325497	0.662859980139027
NODE_982_length_348_cov_1.825939	348	0.944333367879024	0.00498510427010924
NODE_983_length_348_cov_1.651877	348	0.17269472465316	0.528123138033764
NODE_984_length_348_cov_1.221843	348	0.353637677197243	0.306335650446872
NODE_985_length_348_cov_1.068259	348	0.0752107760597801	0.736385302879841
NODE_986_length_348_cov_1.027304	348	0.00825756931600647	0.974399205561073
NODE_987_length_348_cov_0.819113	348	0.547819992370423	0.164150943396226
NODE_988_length_347_cov_2.267123	347	0.450158662791423	0.227169811320755
NODE_989_length_347_cov_1.386986	347	0.187510261270417	0.504369414101291
NODE_990_length_347_cov_1.356164	347	0.00955546406587235	0.968520357497517
NODE_991_length_347_cov_0.921233	347	0.260714873326202	0.406256206554121
NODE_992_length_347_cov_0.777397	347	0.481839289210322	0.205958291956306
NODE_993_length_346_cov_1.371134	346	0.820440646002873	0.0376365441906653
NODE_994_length_346_cov_1.213058	346	0.471481842701179	0.212909632571996
NODE_995_length_346_cov_1.089347	346	0.157384485715214	0.554141012909633
NODE_996_length_346_cov_1.020619	346	0.505747982916014	0.190347567030785
NODE_997_length_346_cov_0.975945	346	0.326074974391063	0.333743793445879
NODE_998_length_346_cov_0.749141	346	0.869711042334309	0.0219662363455809
NODE_1000_length_345_cov_1.372414	345	0.0176009341697425	0.934438927507448
NODE_1002_length_344_cov_1.553633	344	0.520686986102394	0.180913604766634
NODE_1003_length_344_cov_1.038062	344	0.495879332357868	0.197060575968222
NODE_1004_length_344_cov_0.955017	344	0.0476904006415346	0.820377358490566
NODE_1006_length_343_cov_2.142361	343	0.0444932735572227	0.831559086395233
NODE_1007_length_343_cov_1.854167	343	0.0232483234217001	0.911717974180735
NODE_1010_length_343_cov_1.065972	343	0.22580851511438	0.450685203574975
NODE_1011_length_343_cov_0.958333	343	0.0108498574622165	0.962562065541211
NODE_1012_length_343_cov_0.934028	343	0.0674062403447999	0.758550148957299
NODE_1014_length_342_cov_1.216028	342	0.285243623948913	0.377715988083416
NODE_1015_length_342_cov_1.181185	342	0.0169423021285043	0.937298907646475
NODE_1017_length_342_cov_0.773519	342	0.250938687888717	0.41862959285005
NODE_1018_length_342_cov_0.756098	342	0.0424599527304158	0.839265143992056
NODE_1019_length_341_cov_1.713287	341	0.0136436686211633	0.950784508440914
NODE_1020_length_341_cov_1.653846	341	0.0976014250734526	0.678828202581927
NODE_1021_length_341_cov_1.541958	341	0.319102356494548	0.340993048659384
NODE_1022_length_341_cov_1.524476	341	0.00943163613452181	0.969155908639523
NODE_1023_length_341_cov_0.933566	341	0.460671500980251	0.220377358490566
NODE_1024_length_341_cov_0.825175	341	0.458337053068968	0.221767626613704
NODE_1025_length_341_cov_0.762238	341	0.0884701591425336	0.701648460774578
NODE_1026_length_340_cov_0.929825	340	0.162292566164129	0.545422045680238
NODE_1030_length_339_cov_1.250000	339	0.568336722378957	0.15253227408143
NODE_1031_length_339_cov_0.894366	339	0.292601188261491	0.369076464746773
NODE_1032_length_338_cov_1.558304	338	0.898364296187281	0.0140019860973188
NODE_1033_length_338_cov_1.265018	338	0.0160922875547319	0.940814299900695
NODE_1034_length_338_cov_1.236749	338	0.593493719020911	0.137934458788481
NODE_1035_length_338_cov_1.091873	338	0.0404592066764649	0.846196623634558
NODE_1037_length_337_cov_2.053191	337	0.215632984350345	0.46428997020854
NODE_1038_length_337_cov_1.262411	337	0.0446498806176313	0.830943396226415
NODE_1040_length_337_cov_1.109929	337	0.0155031204116022	0.943157894736842
NODE_1041_length_337_cov_0.868794	337	0.35163457834591	0.307944389275075
NODE_1043_length_336_cov_2.067616	336	0.111996288136798	0.645283018867924
NODE_1044_length_336_cov_1.430605	336	0.0468150437574918	0.823376365441907
NODE_1045_length_336_cov_1.306050	336	0.00309829962385182	0.993267130089374
NODE_1046_length_336_cov_0.818505	336	0.15067629262438	0.56669314796425
NODE_1047_length_335_cov_1.885714	335	0.0241415757755523	0.908401191658391
NODE_1048_length_335_cov_1.553571	335	0.245112360264701	0.425422045680238
NODE_1050_length_334_cov_0.942652	334	0.213273108269364	0.467666335650447
NODE_1052_length_333_cov_1.748201	333	0.271072022931187	0.393922542204568
NODE_1053_length_333_cov_1.179856	333	0.0153844798047345	0.943733862959285
NODE_1054_length_332_cov_2.155235	332	0.27882674626942	0.384846077457795
NODE_1055_length_332_cov_1.779783	332	0.443570637042719	0.23201588877855
NODE_1056_length_332_cov_1.494585	332	0.370089067521338	0.29116186693148
NODE_1057_length_332_cov_1.393502	332	0.0854722589696203	0.70961271102284
NODE_1058_length_332_cov_0.956679	332	0.624519850537566	0.121509433962264
NODE_1059_length_332_cov_0.935018	332	0.00334018288701121	0.992552135054618
NODE_1060_length_331_cov_2.746377	331	0.00318399401806272	0.993008937437935
NODE_1061_length_331_cov_2.286232	331	0.184130143847825	0.509414101290963
NODE_1062_length_331_cov_1.442029	331	0.0109235160998587	0.962303872889772
NODE_1063_length_331_cov_1.134058	331	0.088803169722951	0.700834160873883
NODE_1064_length_331_cov_1.123188	331	0.0280052505759733	0.893147964250248
NODE_1065_length_331_cov_0.989130	331	0.0593329149833493	0.782820258192651
NODE_1066_length_331_cov_0.967391	331	0.428441516478752	0.243277060575968
NODE_1067_length_331_cov_0.963768	331	0.571111881654086	0.1506454816286
NODE_1068_length_331_cov_0.931159	331	0.486104743736863	0.203058589870904
NODE_1069_length_331_cov_0.873188	331	0.438685732930909	0.236067527308838
NODE_1070_length_331_cov_0.764493	331	0.171767060223124	0.529572989076465
NODE_1071_length_330_cov_1.792727	330	0.0294402492967867	0.887149950347567
NODE_1072_length_330_cov_1.425455	330	0.959624718983526	0.00272095332671301
NODE_1073_length_330_cov_1.283636	330	0.253586511339898	0.415273088381331
NODE_1074_length_330_cov_1.218182	330	0.000967295503861728	0.999066534260179
NODE_1075_length_330_cov_1.134545	330	0.305049587174894	0.356146971201589
NODE_1076_length_330_cov_1.116364	330	0.13831390909954	0.589255213505462
NODE_1077_length_330_cov_0.818182	330	0.188184768883912	0.503495531281033
NODE_1078_length_329_cov_1.930657	329	0.0224331241901224	0.914339622641509
NODE_1079_length_329_cov_1.620438	329	0.272679238723038	0.392313803376365
NODE_1080_length_329_cov_1.434307	329	0.127347750856976	0.611638530287984
NODE_1081_length_329_cov_0.762774	329	0.987271534811301	0.000139026812313803
NODE_1082_length_328_cov_1.912088	328	0.222584067374585	0.455233366434955
NODE_1083_length_328_cov_1.465201	328	0.353394128165759	0.306573982125124
NODE_1084_length_328_cov_1.399267	328	0.00849984339529451	0.973465739821251
NODE_1085_length_328_cov_1.304029	328	0.570444886362759	0.151082423038729
NODE_1086_length_328_cov_1.304029	328	0.00918616492049087	0.970347567030785
NODE_1087_length_328_cov_1.293040	328	0.0848707230078442	0.711102284011917
NODE_1088_length_328_cov_1.003663	328	0.0849273459151205	0.71098311817279
NODE_1089_length_327_cov_1.231618	327	0.188795657643589	0.502641509433962
NODE_1090_length_327_cov_1.231618	327	0.0230013787732721	0.912413108242304
NODE_1091_length_327_cov_1.132353	327	0.0411406070802743	0.843594836146971
NODE_1092_length_326_cov_2.125461	326	0.180707806025113	0.514597815292949
NODE_1093_length_326_cov_1.804428	326	0.470573548986655	0.213406156901688
NODE_1094_length_326_cov_1.295203	326	0.0464251762607961	0.824786494538232
NODE_1095_length_326_cov_0.981550	326	0.637221405429583	0.115054617676266
NODE_1096_length_326_cov_0.929889	326	0.0202101830100583	0.923714001986097
NODE_1098_length_325_cov_1.459259	325	0.316966721324043	0.343495531281033
NODE_1099_length_325_cov_1.400000	325	0.990196623574313	7.94438927507448e-05
NODE_1100_length_325_cov_1.000000	325	0.22331441835465	0.454141012909633
NODE_1102_length_324_cov_1.446097	324	0.383278159024912	0.279463753723932
NODE_1103_length_324_cov_1.412639	324	0.168959219795675	0.533982125124131
NODE_1104_length_324_cov_0.959108	324	0.596995264387592	0.13604766633565
NODE_1105_length_324_cov_0.828996	324	0.215197084792142	0.464726911618669
NODE_1106_length_323_cov_1.906716	323	0.0343335113382155	0.869036742800397
NODE_1107_length_323_cov_1.332090	323	0.353670285915343	0.306276067527309
NODE_1108_length_323_cov_1.324627	323	0.227338824883216	0.448540218470705
NODE_1109_length_323_cov_0.985075	323	0.153868493615582	0.560139026812314
NODE_1110_length_323_cov_0.813433	323	0.0375484095582414	0.856762661370407
NODE_1111_length_323_cov_0.764925	323	0.0321596892517687	0.876941410129096
NODE_1113_length_322_cov_1.318352	322	0.980990541988403	0.000655412115193645
NODE_1114_length_322_cov_1.310861	322	0.108413399990104	0.653763654419067
NODE_1116_length_322_cov_0.943820	322	0.33234204350372	0.326971201588878
NODE_1117_length_322_cov_0.808989	322	0.111160615493774	0.647110228401192
NODE_1121_length_321_cov_1.007519	321	0.244473051453051	0.426236345580933
NODE_1122_length_321_cov_0.992481	321	0.100717306599988	0.672174776564052
NODE_1123_length_321_cov_0.988722	321	0.561958187797889	0.156146971201589
NODE_1124_length_321_cov_0.845865	321	0.0257566873642448	0.90162859980139
NODE_1125_length_320_cov_1.788679	320	0.303311149810353	0.357974180734856
NODE_1126_length_320_cov_1.222642	320	0.191190366108474	0.499324726911619
NODE_1128_length_319_cov_2.537879	319	0.461621896373959	0.219781529294935
NODE_1129_length_319_cov_1.746212	319	0.366314814324326	0.294438927507448
NODE_1130_length_319_cov_1.511364	319	0.355679002361826	0.304369414101291
NODE_1131_length_319_cov_1.507576	319	0.376910499821855	0.284766633565045
NODE_1132_length_319_cov_1.488636	319	0.195292841331064	0.492909632571996
NODE_1133_length_319_cov_1.132576	319	0.252725643734339	0.416285998013903
NODE_1134_length_319_cov_1.128788	319	0.0181658281788639	0.931698113207547
NODE_1135_length_319_cov_1.011364	319	0.0448684821730348	0.830089374379345
NODE_1136_length_319_cov_1.007576	319	0.867060288429472	0.0229592850049652
NODE_1137_length_319_cov_0.988636	319	0.47230359824328	0.212333664349553
NODE_1138_length_319_cov_0.844697	319	0.152318054046448	0.563376365441907
NODE_1140_length_318_cov_1.387833	318	0.0810362922033949	0.721012909632572
NODE_1142_length_318_cov_1.186312	318	0.0531123168613613	0.802224428997021
NODE_1144_length_318_cov_0.931559	318	0.725696736522277	0.0732671300893744
NODE_1146_length_317_cov_1.629771	317	0.208212727178735	0.4746772591857
NODE_1147_length_317_cov_1.561069	317	0.058377833764162	0.785441906653426
NODE_1148_length_317_cov_1.351145	317	0.0176395145057748	0.934299900695134
NODE_1149_length_317_cov_1.125954	317	0.180474488756008	0.514995034756703
NODE_1150_length_317_cov_1.099237	317	0.413276432519497	0.255491559086395
NODE_1151_length_317_cov_1.015267	317	0.134558608719386	0.596762661370407
NODE_1152_length_317_cov_0.843511	317	0.398930615986683	0.266812313803376
NODE_1154_length_316_cov_1.409962	316	0.0203437180310953	0.923038728897716
NODE_1155_length_316_cov_1.137931	316	0.955351836551139	0.00325719960278054
NODE_1156_length_316_cov_1.137931	316	0.824710402358685	0.0361668321747766
NODE_1157_length_316_cov_0.816092	316	0.574082556931432	0.14901688182721
NODE_1161_length_315_cov_1.273077	315	0.524875431573573	0.178351539225422
NODE_1162_length_315_cov_1.226923	315	0.034446235913661	0.868639523336644
NODE_1163_length_315_cov_1.184615	315	0.313756864889903	0.346871896722939
NODE_1164_length_315_cov_1.003846	315	0.101627848974563	0.669791459781529
NODE_1167_length_315_cov_0.842308	315	0.467360483846042	0.215729890764647
NODE_1170_length_314_cov_1.694981	314	0.0115720776608184	0.959622641509434
NODE_1171_length_314_cov_1.281853	314	0.307432445744718	0.353426017874876
NODE_1172_length_314_cov_1.200772	314	0.330784528320233	0.328619662363456
NODE_1173_length_314_cov_1.027027	314	0.357672014277795	0.302303872889772
NODE_1174_length_314_cov_0.980695	314	0.643136260699108	0.112234359483615
NODE_1175_length_314_cov_0.976834	314	0.564323009992879	0.154875868917577
NODE_1180_length_314_cov_0.667954	314	0.262512721765925	0.403992055610725
NODE_1181_length_313_cov_2.011628	313	0.394605497451028	0.27012909632572
NODE_1183_length_313_cov_1.430233	313	0.176751636714117	0.520973187686197
NODE_1184_length_313_cov_1.391473	313	0.0855557405117478	0.709414101290963
NODE_1185_length_313_cov_1.042636	313	0.0880190911282003	0.702979145978153
NODE_1186_length_313_cov_1.027132	313	0.00325786686013819	0.992770605759682
NODE_1187_length_313_cov_0.910853	313	0.0434525845065412	0.835690168818272
NODE_1188_length_313_cov_0.848837	313	0.0863500653133343	0.707269116186693
NODE_1190_length_312_cov_1.478599	312	0.0847002278561432	0.711717974180735
NODE_1191_length_312_cov_1.221790	312	0.425733578518173	0.245600794438928
NODE_1192_length_312_cov_0.778210	312	0.161534721449943	0.546752730883813
NODE_1193_length_312_cov_0.700389	312	0.196911069788104	0.490665342601788
NODE_1194_length_311_cov_1.363281	311	0.398388718583501	0.267328699106256
NODE_1196_length_311_cov_1.031250	311	0.0286992879135562	0.890268123138034
NODE_1197_length_310_cov_2.447059	310	0.125029799558396	0.61674280039722
NODE_1198_length_310_cov_1.094118	310	0.474598599318748	0.210804369414101
NODE_1199_length_310_cov_1.058824	310	0.275743045214967	0.38850049652433
NODE_1201_length_310_cov_0.835294	310	0.0411479850973105	0.843574975173784
NODE_1202_length_309_cov_2.102362	309	0.31505504761759	0.345422045680238
NODE_1203_length_309_cov_1.232283	309	0.0967279826429003	0.680635551142006
NODE_1205_length_308_cov_1.913043	308	0.248503422030167	0.421469712015889
NODE_1206_length_308_cov_1.592885	308	0.0592075542742011	0.783118172790467
NODE_1207_length_308_cov_1.573123	308	0.00875842318515065	0.972313803376365
NODE_1208_length_308_cov_1.462451	308	0.0116525168431029	0.959285004965243
NODE_1209_length_308_cov_1.233202	308	0.564062465206341	0.154975173783515
NODE_1210_length_308_cov_0.948617	308	0.493806170175465	0.197994041708044
NODE_1211_length_308_cov_0.869565	308	0.397816627338762	0.267686196623635
NODE_1212_length_308_cov_0.841897	308	0.212495898162977	0.468699106256207
NODE_1213_length_308_cov_0.778656	308	0.0180006336220398	0.932492552135055
NODE_1215_length_307_cov_1.404762	307	0.039181781358916	0.851082423038729
NODE_1216_length_307_cov_1.396825	307	0.0235062200648309	0.910665342601787
NODE_1217_length_307_cov_1.369048	307	0.081809245073255	0.719006951340616
NODE_1218_length_307_cov_1.250000	307	0.746152852028355	0.0648659384309831
NODE_1219_length_307_cov_1.242063	307	0.204245056844878	0.48
NODE_1220_length_307_cov_1.063492	307	0.42902080250158	0.242879841112215
NODE_1222_length_306_cov_2.450199	306	0.310548950843982	0.350228401191658
NODE_1223_length_306_cov_1.565737	306	0.0385522125502425	0.853326713008937
NODE_1224_length_306_cov_1.414343	306	0.284048455119584	0.379086395233366
NODE_1225_length_306_cov_1.223108	306	0.203012665924207	0.481787487586892
NODE_1226_length_306_cov_1.219124	306	0.190686454114753	0.500158887785501
NODE_1227_length_306_cov_1.067729	306	0.0609286093675551	0.777914597815293
NODE_1228_length_306_cov_1.023904	306	0.219069951431006	0.459980139026812
NODE_1229_length_306_cov_0.733068	306	0.566884379726639	0.15330685203575
NODE_1232_length_305_cov_1.948000	305	0.944143077355997	0.00500496524329692
NODE_1233_length_305_cov_1.892000	305	0.047525943013616	0.820953326713009
NODE_1234_length_305_cov_1.524000	305	0.910604835391986	0.0113803376365442
NODE_1235_length_305_cov_1.456000	305	0.0494936794608093	0.814657398212512
NODE_1237_length_305_cov_1.072000	305	0.507270426974414	0.1893545183714
NODE_1238_length_305_cov_0.896000	305	0.321559199220909	0.338450844091361
NODE_1239_length_305_cov_0.848000	305	0.287744194784209	0.375074478649454
NODE_1240_length_305_cov_0.792000	305	0.0100818197550553	0.966216484607746
NODE_1242_length_305_cov_0.708000	305	0.00974591500181405	0.967686196623635
NODE_1244_length_304_cov_1.497992	304	0.0768541109217638	0.731539225422046
NODE_1246_length_304_cov_0.803213	304	0.503086910680133	0.191936444885799
NODE_1249_length_303_cov_2.834677	303	0.68662561955911	0.0906454816285998
NODE_1250_length_303_cov_2.108871	303	0.11867449846214	0.630049652432969
NODE_1251_length_303_cov_1.237903	303	0.0383697355551981	0.853723932472691
NODE_1252_length_303_cov_1.072581	303	0.106275673730574	0.658550148957299
NODE_1254_length_302_cov_1.445344	302	0.22783168514595	0.447785501489573
NODE_1257_length_302_cov_0.866397	302	0.0146940811335331	0.946573982125124
NODE_1258_length_302_cov_0.696356	302	0.0674942019866243	0.758192651439921
NODE_1259_length_301_cov_1.784553	301	0.0411771976892981	0.84343594836147
NODE_1260_length_301_cov_1.426829	301	0.0257179982717026	0.901767626613704
NODE_1261_length_301_cov_1.231707	301	0.465253977325781	0.216881827209533
NODE_1262_length_301_cov_1.130081	301	0.0117732359625297	0.958848063555114
NODE_1263_length_301_cov_1.109756	301	0.0173714109185893	0.935431976166832
NODE_1264_length_301_cov_1.105691	301	0.39635161111707	0.26875868917577
NODE_1265_length_301_cov_1.093496	301	0.243934464679767	0.426891757696127
NODE_1266_length_301_cov_1.069106	301	0.177243513741668	0.520278053624628
NODE_1267_length_301_cov_1.056911	301	0.0231398698713461	0.912154915590864
NODE_1268_length_301_cov_1.028455	301	0.792291535535453	0.047090367428004
NODE_1269_length_301_cov_0.914634	301	0.0621664495201682	0.774339622641509
NODE_1272_length_300_cov_1.281633	300	0.0581113972681859	0.786335650446872
NODE_1273_length_300_cov_1.273469	300	0.343627696997746	0.315829195630586
NODE_1274_length_300_cov_1.257143	300	0.00955840256758302	0.96850049652433
NODE_1275_length_300_cov_1.081633	300	0.0896237379181319	0.698728897715988
NODE_1276_length_300_cov_1.069388	300	0.629313593849144	0.119205561072493
NODE_1277_length_300_cov_0.918367	300	0.0916784671636101	0.693326713008937
NODE_1279_length_300_cov_0.906122	300	0.198601352844827	0.488222442899702
NODE_1280_length_300_cov_0.865306	300	0.961491528949238	0.0024428997020854
NODE_1281_length_300_cov_0.722449	300	0.106168037186679	0.658788480635551
NODE_1282_length_300_cov_0.710204	300	0.0840679231906089	0.713128103277061
NODE_1283_length_300_cov_0.702041	300	0.117808358757144	0.632214498510427
